-- Adminer 4.7.3 MySQL dump

SET NAMES utf8;
SET time_zone = '+00:00';
SET foreign_key_checks = 0;
SET sql_mode = 'NO_AUTO_VALUE_ON_ZERO';

DROP TABLE IF EXISTS `tbl_admin`;
CREATE TABLE `tbl_admin` (
  `admin_id` bigint(20) NOT NULL AUTO_INCREMENT,
  `image` mediumtext NOT NULL,
  `background_image` text,
  `username` varchar(100) DEFAULT NULL,
  `password` varchar(100) DEFAULT NULL,
  `org_password` varchar(100) DEFAULT NULL,
  `authkey` mediumtext NOT NULL,
  `fptoken` varchar(100) DEFAULT NULL,
  `otp` int(11) DEFAULT NULL,
  `contactno` bigint(20) NOT NULL,
  `email` varchar(100) DEFAULT NULL,
  `role` int(10) DEFAULT '1',
  `currency_symbol` varchar(20) DEFAULT NULL,
  `activestatus` enum('Y','N') NOT NULL DEFAULT 'Y',
  `datetime` datetime DEFAULT NULL,
  PRIMARY KEY (`admin_id`)
) ENGINE=InnoDB DEFAULT CHARSET=utf8;

INSERT INTO `tbl_admin` (`admin_id`, `image`, `background_image`, `username`, `password`, `org_password`, `authkey`, `fptoken`, `otp`, `contactno`, `email`, `role`, `currency_symbol`, `activestatus`, `datetime`) VALUES
(1,	'uploads/admin/1590602230JzsgtTKrdB.png',	'',	'admin',	'21232f297a57a5a743894a0e4a801fc3',	'admin',	'',	'15gchSyBrJgjs3Jd6OQYGTCCxdcjlhNXDropf8hk6Me6REc9w5',	1111,	919429025751,	'kunj.shah@infiraise.com',	1,	'₹',	'Y',	'2018-05-03 01:38:03');

DROP TABLE IF EXISTS `tbl_agreements`;
CREATE TABLE `tbl_agreements` (
  `id` int(11) NOT NULL AUTO_INCREMENT,
  `ename` varchar(255) DEFAULT NULL,
  `description` text,
  `eimage` text,
  `status` enum('0','1') NOT NULL DEFAULT '1',
  `created_at` datetime NOT NULL DEFAULT CURRENT_TIMESTAMP,
  `updated_at` datetime NOT NULL DEFAULT CURRENT_TIMESTAMP,
  PRIMARY KEY (`id`)
) ENGINE=InnoDB DEFAULT CHARSET=latin1;

INSERT INTO `tbl_agreements` (`id`, `ename`, `description`, `eimage`, `status`, `created_at`, `updated_at`) VALUES
(1,	'Master of computer Application',	NULL,	NULL,	'1',	'2021-07-13 16:55:06',	'2021-07-13 16:56:09'),
(2,	'asdasd',	'<p>asdsadasdads</p>\r\n',	NULL,	'1',	'2021-08-19 12:35:43',	'2021-08-19 12:36:30');

DROP TABLE IF EXISTS `tbl_backup`;
CREATE TABLE `tbl_backup` (
  `id` int(11) NOT NULL AUTO_INCREMENT,
  `name` text,
  `file` text,
  `created_at` datetime DEFAULT CURRENT_TIMESTAMP,
  `updated_at` datetime NOT NULL DEFAULT CURRENT_TIMESTAMP ON UPDATE CURRENT_TIMESTAMP,
  PRIMARY KEY (`id`)
) ENGINE=InnoDB DEFAULT CHARSET=utf8;

INSERT INTO `tbl_backup` (`id`, `name`, `file`, `created_at`, `updated_at`) VALUES
(1,	'1619851054',	'1619851054.sql',	'2021-05-01 12:07:34',	'2021-05-01 12:07:34'),
(2,	'1624173550',	'1624173550.sql',	'2021-06-20 12:49:10',	'2021-06-20 12:49:10'),
(3,	'1625546904',	'1625546904.sql',	'2021-07-06 10:18:24',	'2021-07-06 10:18:24'),
(4,	'1629873099',	'1629873099.sql',	'2021-08-25 12:01:39',	'2021-08-25 12:01:39');

DROP TABLE IF EXISTS `tbl_customers`;
CREATE TABLE `tbl_customers` (
  `customer_id` bigint(20) NOT NULL AUTO_INCREMENT,
  `code` varchar(10) DEFAULT NULL,
  `image` mediumtext,
  `background_image` text,
  `agreement` text,
  `created_by` mediumtext,
  `username` mediumtext,
  `ownername` varchar(255) DEFAULT NULL,
  `address` text,
  `email` mediumtext,
  `password` mediumtext,
  `org_password` mediumtext,
  `alternateno` bigint(20) DEFAULT NULL,
  `mobileno` bigint(20) DEFAULT NULL,
  `industry_id` int(11) DEFAULT NULL,
  `linkedin` text,
  `skypeid` text,
  `agreement_date` date DEFAULT NULL,
  `cin` varchar(255) DEFAULT NULL,
  `gstin` varchar(255) DEFAULT NULL,
  `registered_office` varchar(255) DEFAULT NULL,
  `type_id` int(11) NOT NULL DEFAULT '1',
  `role_id` int(11) DEFAULT NULL,
  `role_type` enum('A','S','U','V') NOT NULL DEFAULT 'U',
  `roletype` varchar(255) DEFAULT 'Customer',
  `is_approve` enum('0','1','2') NOT NULL DEFAULT '0',
  `status` enum('0','1') NOT NULL DEFAULT '0',
  `is_front` enum('1','2') NOT NULL DEFAULT '2',
  `created_at` datetime NOT NULL DEFAULT CURRENT_TIMESTAMP,
  `updated_at` datetime NOT NULL DEFAULT CURRENT_TIMESTAMP,
  PRIMARY KEY (`customer_id`)
) ENGINE=InnoDB DEFAULT CHARSET=utf8;

INSERT INTO `tbl_customers` (`customer_id`, `code`, `image`, `background_image`, `agreement`, `created_by`, `username`, `ownername`, `address`, `email`, `password`, `org_password`, `alternateno`, `mobileno`, `industry_id`, `linkedin`, `skypeid`, `agreement_date`, `cin`, `gstin`, `registered_office`, `type_id`, `role_id`, `role_type`, `roletype`, `is_approve`, `status`, `is_front`, `created_at`, `updated_at`) VALUES
(1,	NULL,	'050141626240181.png',	NULL,	NULL,	NULL,	'admin',	NULL,	NULL,	'admin@gmail.com',	'4d14dc9da8c11afb4ff2ceedf286021d',	'Infiraise#23',	NULL,	NULL,	NULL,	NULL,	NULL,	NULL,	NULL,	NULL,	NULL,	1,	1,	'A',	'Admin',	'1',	'1',	'2',	'2021-01-09 23:41:40',	'2021-01-09 23:41:40'),
(2,	NULL,	'',	NULL,	NULL,	NULL,	'kunj',	NULL,	NULL,	'kunj.shah@infiraise.com',	'e10adc3949ba59abbe56e057f20f883e',	'123456',	NULL,	NULL,	NULL,	NULL,	NULL,	NULL,	NULL,	NULL,	NULL,	1,	3,	'U',	'User',	'1',	'1',	'2',	'0000-00-00 00:00:00',	'0000-00-00 00:00:00'),
(3,	'EHVL_12345',	NULL,	NULL,	NULL,	NULL,	'Infiraise',	'Mehul Savani',	'Giftcity, Gandhinagar, Gujarat',	'mehul.savani@infiraise.com',	'e10adc3949ba59abbe56e057f20f883e',	'123456',	7096146146,	7096146146,	1,	'https://www.linkedin.com/company/infiraise/mycompany/',	'shahkunj.61190',	NULL,	NULL,	NULL,	NULL,	1,	4,	'V',	'Vendor',	'1',	'1',	'2',	'2021-07-14 11:46:26',	'2021-08-23 15:51:54'),
(15,	'EHVL_42233',	NULL,	NULL,	NULL,	NULL,	'Web Clues Infotech',	'Himanshu Soni',	'WebClues Infotech, 1009-1010, 10th Floor, Signature-1, S.G.Highway, Makarba, Ahmedabad-380051, GUJARAT.',	'webclues@gmail.com',	'e10adc3949ba59abbe56e057f20f883e',	'123456',	9898950065,	9898950065,	7,	'https://www.linkedin.com/company/webclues-infotech/',	'live:.cid.fedf54f6d5eec2e9',	NULL,	NULL,	NULL,	NULL,	1,	4,	'V',	'Vendor',	'1',	'1',	'2',	'2021-08-19 11:05:37',	'2021-08-23 15:49:13'),
(18,	'EHVL_15457',	NULL,	NULL,	NULL,	NULL,	'Thinkwik',	'Pallavi Gupta',	'D/903, Ganesh Meridian, Opp Amiraj Farm,\r\nNr. New Gujarat High Court, S G Highway, Ahmedabad 380060,',	'pallavi@thinkwik.com',	'e10adc3949ba59abbe56e057f20f883e',	'123456',	9510308620,	9510308620,	7,	'https://www.linkedin.com/company/thinkwik-india-online-services-llp/',	'pallavi@thinkwik.com',	NULL,	NULL,	NULL,	NULL,	1,	4,	'V',	'Vendor',	'1',	'1',	'2',	'2021-08-19 15:51:19',	'2021-08-24 13:00:51'),
(19,	'EHVL_98016',	NULL,	NULL,	NULL,	NULL,	'Novus Logics',	'Hardik Patel',	'406, Lilamani Corporate Heights, Nr. National Handloom Corporation,\r\nVadaj, Ahmedabad, Gujarat - 380013',	'novuslogics@gmail.com',	'e10adc3949ba59abbe56e057f20f883e',	'123456',	1234567890,	1234567890,	7,	'https://in.linkedin.com/in/hardik-patel-novus',	'hardik-patel-novus',	NULL,	NULL,	NULL,	NULL,	1,	4,	'V',	'Vendor',	'1',	'1',	'2',	'2021-08-19 18:33:10',	'2021-08-20 14:45:11'),
(20,	NULL,	'',	NULL,	NULL,	NULL,	'Tahir Laliwala',	NULL,	NULL,	'tahir.laliwala@infiraise.com',	'e10adc3949ba59abbe56e057f20f883e',	'123456',	NULL,	NULL,	NULL,	NULL,	NULL,	NULL,	NULL,	NULL,	NULL,	1,	3,	'U',	'User',	'1',	'1',	'2',	'2021-08-23 16:52:06',	'2021-08-23 16:52:06'),
(21,	'EHVL_25521',	NULL,	NULL,	NULL,	NULL,	'Xcvate Technologies',	'Raju Kumar',	'H-160 Sector-63 Noida',	'raju@xcvate.in',	'e10adc3949ba59abbe56e057f20f883e',	'123456',	9716473745,	9716473745,	7,	'https://www.linkedin.com/in/raju-kumar-tiwari-b6ba6070/',	'raju.tiwari29',	NULL,	NULL,	NULL,	NULL,	1,	4,	'V',	'Vendor',	'1',	'1',	'2',	'2021-08-24 12:04:01',	'2021-08-24 12:04:01'),
(22,	'EHVL_89845',	NULL,	NULL,	NULL,	NULL,	'Giit Solutions',	'Lovedeep',	'GIIT Solutions, Style Plaza, Sector-15, Part-1, Gurgaon, Haryana - 122001',	'lovedeep@giitian.com',	'e10adc3949ba59abbe56e057f20f883e',	'123456',	9899988618,	9899988618,	7,	'https://www.linkedin.com/company/giitsolutions/',	'Lovedeep',	NULL,	NULL,	NULL,	NULL,	1,	4,	'V',	'Vendor',	'1',	'1',	'2',	'2021-08-24 13:06:27',	'2021-08-24 13:06:27'),
(23,	'EHVL_96641',	NULL,	NULL,	NULL,	NULL,	'Azoca Technologies LLP',	'Ankit Pitroda',	'Ahmedabad',	'ankit.pitroda@infiriase.com',	'e10adc3949ba59abbe56e057f20f883e',	'123456',	9998668789,	9998668789,	7,	'https://www.linkedin.com/in/ankit-pitroda/',	'ankit.pitroda2609@gmail.com',	NULL,	NULL,	NULL,	NULL,	1,	4,	'V',	'Vendor',	'1',	'1',	'2',	'2021-08-24 15:42:20',	'2021-08-24 15:42:20'),
(24,	'EHVL_72310',	NULL,	NULL,	NULL,	NULL,	'Jinal',	'Jinal',	'2,SURBHI FLATS,B/H NARANPURA JAIN TEMPLE,\r\nNARANPURA CROSS ROAD',	'jinal_vendor@gmail.com',	'e10adc3949ba59abbe56e057f20f883e',	'123456',	9429025751,	9429025751,	1,	'https://www.linkedin.com/feed/',	'123456',	NULL,	NULL,	NULL,	NULL,	1,	4,	'V',	'Vendor',	'1',	'1',	'2',	'2021-08-25 12:05:29',	'2021-08-25 12:05:46'),
(26,	'EHVL_52599',	NULL,	NULL,	NULL,	NULL,	'infibeam',	'Anuj',	'2964 Rosewood Lane',	'anuj@gmail.com',	'e10adc3949ba59abbe56e057f20f883e',	'123456',	9429506934,	9429506934,	8,	'https://www.linkedin.com/in/dummy-profile-2a474a47?trk=people-guest_people_search-card',	'https://www.linkedin.com/in/dummy-profile-2a474a47?trk=people-guest_people_search-card',	NULL,	NULL,	NULL,	NULL,	1,	4,	'V',	'Vendor',	'1',	'0',	'2',	'2021-08-25 17:44:19',	'2021-08-26 11:49:35'),
(28,	'EHVL_11472',	NULL,	NULL,	NULL,	NULL,	'IVORY TECHNOLAB PVT LTD',	'Sunny Panchal',	'Science City Road, Sola, Ahmedabad, GJ, IND',	'sales@ivorytechnolab.com',	'e10adc3949ba59abbe56e057f20f883e',	'123456',	6355116568,	6355116568,	7,	'https://www.linkedin.com/company/ivory-technolab-private-limited/',	'sales@ivorytechnolab.com',	NULL,	NULL,	NULL,	NULL,	1,	4,	'V',	'Vendor',	'1',	'1',	'2',	'2021-08-26 10:25:26',	'2021-08-26 13:14:52'),
(29,	'EHVL_80680',	NULL,	NULL,	NULL,	NULL,	'DrcSystems',	'Dipesh Shah',	'24 Floor Gift City',	'dipesh.shah@ia.ooo',	'e10adc3949ba59abbe56e057f20f883e',	'123456',	9904975088,	9904975088,	7,	'https://www.linkedin.com/in/dipeshsim/',	'drcsystems38',	NULL,	NULL,	NULL,	NULL,	1,	4,	'V',	'Vendor',	'1',	'1',	'2',	'2021-08-26 17:54:13',	'2021-08-26 17:54:13'),
(33,	NULL,	'',	NULL,	NULL,	NULL,	'Kamal Rajput',	NULL,	NULL,	'kamal.rajput@infiraise.com',	'e10adc3949ba59abbe56e057f20f883e',	'123456',	NULL,	NULL,	NULL,	NULL,	NULL,	NULL,	NULL,	NULL,	NULL,	1,	3,	'U',	'User',	'0',	'1',	'2',	'2021-09-01 15:48:28',	'2021-09-01 15:48:28'),
(34,	NULL,	'',	NULL,	NULL,	NULL,	'Asif Mansuri',	NULL,	NULL,	'asif.mansuri@infiraise.com',	'e10adc3949ba59abbe56e057f20f883e',	'123456',	NULL,	NULL,	NULL,	NULL,	NULL,	NULL,	NULL,	NULL,	NULL,	1,	3,	'U',	'User',	'0',	'1',	'2',	'2021-09-01 15:55:04',	'2021-09-01 15:55:04'),
(35,	'EHVL_65351',	NULL,	NULL,	NULL,	NULL,	'eInfochips, Inc.',	'Kinnar Patel',	'Ahmedabad',	'kinnar.patel@einfochips.com',	'9c7aa2907abfd5eeb1c536a1726ae813',	'Kinnar@123',	9925272469,	9925272469,	7,	'https://www.linkedin.com/company/einfochips/',	'kinnar.patel@einfochips.com',	NULL,	NULL,	NULL,	NULL,	1,	4,	'V',	'Vendor',	'1',	'1',	'2',	'2021-09-01 16:10:16',	'2021-09-01 16:12:14'),
(36,	NULL,	'932971630579961.jpeg',	NULL,	NULL,	NULL,	'Kirti Patel',	NULL,	NULL,	'hr@infiraise.com',	'e10adc3949ba59abbe56e057f20f883e',	'123456',	NULL,	NULL,	NULL,	NULL,	NULL,	NULL,	NULL,	NULL,	NULL,	1,	3,	'U',	'User',	'0',	'1',	'2',	'2021-09-02 16:22:41',	'2021-09-02 16:22:41'),
(37,	'EHVL_29225',	'309871630584378.png',	NULL,	NULL,	NULL,	'Eliteevince Technologies',	'Devang Soni',	'A-713, Dev Aurum Commercial, 100 Feet Anand Nagar Rd, Prahlad Nagar, Ahmedabad, Gujarat 380015',	'info@eliteevince.com',	'e10adc3949ba59abbe56e057f20f883e',	'123456',	8460771177,	8460499596,	7,	'https://www.linkedin.com/company/eliteevince',	'soni_devang',	NULL,	NULL,	NULL,	NULL,	1,	4,	'V',	'Vendor',	'1',	'1',	'2',	'2021-09-02 17:36:18',	'2021-09-02 17:36:18'),
(38,	NULL,	'',	NULL,	NULL,	NULL,	'Abhishek Mulani',	NULL,	NULL,	'abhishek.mulani@infiraise.com',	'e10adc3949ba59abbe56e057f20f883e',	'123456',	NULL,	NULL,	NULL,	NULL,	NULL,	NULL,	NULL,	NULL,	NULL,	1,	3,	'U',	'User',	'0',	'1',	'2',	'2021-09-03 10:07:24',	'2021-09-03 10:07:24'),
(39,	NULL,	'',	NULL,	NULL,	NULL,	'Samyak Vora',	NULL,	NULL,	'samyak.vora@infiraise.com',	'e10adc3949ba59abbe56e057f20f883e',	'123456',	NULL,	NULL,	NULL,	NULL,	NULL,	NULL,	NULL,	NULL,	NULL,	1,	3,	'U',	'User',	'0',	'1',	'2',	'2021-09-03 10:10:55',	'2021-09-03 10:10:55'),
(42,	'EHVL_14952',	NULL,	NULL,	NULL,	NULL,	'e4softwares',	'Suchita Shetty',	'502, A Wing, Navkar Chambers,\r\nAndheri - Kurla Road, Marol Naka,\r\nAndheri East, Mumbai, Maharashtra - 400059',	'suchita.shetty@e4softwares.com',	'e10adc3949ba59abbe56e057f20f883e',	'123456',	9594966259,	8169002302,	7,	'https://www.linkedin.com/in/suchita-shetty-10b2b041/',	'suchita.shetty@e4softwares.com',	NULL,	NULL,	NULL,	NULL,	1,	4,	'V',	'Vendor',	'1',	'1',	'2',	'2021-09-06 10:47:29',	'2021-09-06 10:54:38'),
(43,	'EHVL_56048',	NULL,	NULL,	NULL,	NULL,	'IndiaNIC',	'Sandeep Mudra',	'Ahmedabad',	'jigarpanchal@indianic.com',	'e10adc3949ba59abbe56e057f20f883e',	'123456',	9924009060,	9924009060,	7,	'https://www.linkedin.com/in/jigarpanchal/',	'jigarpanchal',	NULL,	NULL,	NULL,	NULL,	1,	4,	'V',	'Vendor',	'1',	'1',	'2',	'2021-09-06 17:58:13',	'2021-09-06 17:58:13'),
(45,	'EHVL_99474',	NULL,	NULL,	NULL,	NULL,	'Veepal',	'Vipal Panchal',	'Ahmedabad',	'vipal.panchal@veepal.com',	'e10adc3949ba59abbe56e057f20f883e',	'123456',	9727732919,	9727732919,	7,	'https://www.linkedin.com/in/vipalpanchal/',	'vipalpanchal',	NULL,	NULL,	NULL,	NULL,	1,	4,	'V',	'Vendor',	'1',	'1',	'2',	'2021-09-07 11:40:36',	'2021-09-07 11:40:36'),
(46,	'EHVL_60329',	NULL,	NULL,	NULL,	NULL,	'Pluralmind Technolab',	'Manish Shah',	'Shangrila arcade, Shyamal cross road, Ahmedabad.',	'manish@pluralmind.in',	'e10adc3949ba59abbe56e057f20f883e',	'123456',	0,	9825018267,	7,	'https://www.linkedin.com/in/manish-shah-78a9024/',	'00',	NULL,	NULL,	NULL,	NULL,	1,	4,	'V',	'Vendor',	'1',	'1',	'2',	'2021-09-08 11:08:22',	'2021-09-09 12:40:20'),
(47,	'EHVL_86704',	NULL,	NULL,	NULL,	NULL,	'Arin Technologies',	'Alpesh Sathwara',	'Swagat Rainforest 1, B-311, nr. HDFC Bank, Kudasan, Gandhinagar, Gujarat 382421',	'alpesh@arintechnologies.com',	'e10adc3949ba59abbe56e057f20f883e',	'123456',	0,	919377773741,	7,	'https://www.linkedin.com/in/alpesh-sathwara-9957aa21/',	'00',	NULL,	NULL,	NULL,	NULL,	1,	4,	'V',	'Vendor',	'1',	'1',	'2',	'2021-09-08 11:14:55',	'2021-09-08 11:17:45'),
(48,	'EHVL_48471',	NULL,	NULL,	NULL,	NULL,	'Wisdom Infosol',	'Yagnesh Vyas',	'Ahmedabad, Gujarat',	'sales@wisdominfosol.com',	'25f9e794323b453885f5181f1b624d0b',	'123456789',	0,	919586572018,	7,	'https://www.linkedin.com/in/wisdom-infosol-8a1428197/',	'00',	NULL,	NULL,	NULL,	NULL,	1,	4,	'V',	'Vendor',	'1',	'1',	'2',	'2021-09-08 11:22:51',	'2021-10-06 12:50:53'),
(50,	'EHVL_70945',	NULL,	NULL,	NULL,	NULL,	'EnProwess Technologies Private Limited',	'Chirayu Joshi',	'EnProwess Technologies Pvt. Ltd. A-302, Safal Pegasus, Anand Nagar, Prahlad Nagar, Ahmedabad, Gujarat 380015',	'chirayu@enprowess.com',	'e10adc3949ba59abbe56e057f20f883e',	'123456',	0,	8000022113,	7,	'https://www.linkedin.com/company/enprowess-technologies-pvt.-ltd./',	'',	NULL,	NULL,	NULL,	NULL,	1,	4,	'V',	'Vendor',	'1',	'1',	'2',	'2021-09-09 12:21:44',	'2021-09-09 12:21:44'),
(51,	'EHVL_56488',	NULL,	NULL,	NULL,	NULL,	'Depex Technologies Inc',	'Obaid Ashraf',	'Noida, New Delhi, 201301,',	'obaid@depextechnologies.co',	'e10adc3949ba59abbe56e057f20f883e',	'123456',	9931726276,	8789600335,	7,	'https://www.linkedin.com/company/depex-technologies/',	'obaid@depextechnologies.co',	NULL,	NULL,	NULL,	NULL,	1,	4,	'V',	'Vendor',	'1',	'1',	'2',	'2021-09-10 11:23:55',	'2021-09-10 11:23:55'),
(52,	NULL,	'',	NULL,	NULL,	NULL,	'viralpparikh',	NULL,	NULL,	'viral.parikh@infiraise.com',	'171395aceda4b618c0aef87e54da70bc',	'infiraise@123',	NULL,	NULL,	NULL,	NULL,	NULL,	NULL,	NULL,	NULL,	NULL,	1,	1,	'A',	'Admin',	'0',	'1',	'2',	'2021-09-13 11:00:34',	'2021-09-13 11:00:34'),
(53,	'EHVL_70536',	NULL,	NULL,	NULL,	NULL,	'Atlas Softweb',	'Royson Rajan',	'413, Palladium Business Hub, Visat – Gandhinagar Highway Opp 4D square Mall, Chandkheda, Sabarmati, Ahmedabad, Gujarat 380005',	'athakkar@atlassoftweb.com',	'e10adc3949ba59abbe56e057f20f883e',	'123456',	6354649825,	6354649825,	7,	'https://www.linkedin.com/company/atlassoftweb/',	'live:athakkaratlas132',	'2021-09-15',	'',	'',	'',	1,	4,	'V',	'Vendor',	'1',	'1',	'2',	'2021-09-15 12:30:49',	'2021-09-15 12:47:45'),
(54,	'EHVL_50231',	NULL,	NULL,	NULL,	NULL,	'aa',	'',	'',	'aa@gmail.com',	'5a1760628ea739e61d9bb798b50542d5',	'admin123!@#',	0,	1234567890,	0,	'',	'',	NULL,	NULL,	NULL,	NULL,	1,	4,	'V',	'Vendor',	'0',	'0',	'1',	'2021-09-19 04:10:34',	'2021-09-19 04:10:34'),
(55,	'EHVL_71748',	NULL,	NULL,	NULL,	NULL,	'Citta Solutions',	'Gautam Jha',	'#911, Times Square Arcade, Opp. Rambaug, Nr. Ravija Plaza, Thaltej-Shilaj Road, Thaltej. Ahmedabad-380059.',	'gautam.jha@cittasolutions.com',	'e10adc3949ba59abbe56e057f20f883e',	'123456',	9726222559,	9726222559,	7,	'https://in.linkedin.com/company/citta-solutions',	'gautam.jha@cittasolutions.com',	'2021-09-21',	'',	'',	'',	1,	4,	'V',	'Vendor',	'1',	'1',	'2',	'2021-09-21 18:29:15',	'2021-09-21 18:29:15'),
(56,	'EHVL_95613',	NULL,	NULL,	NULL,	NULL,	'BrandUpMe LLP',	'',	'',	'Support@brandupme.in',	'90f324e05d797b0ceb672dc85e2b540d',	'Kumar@2121',	0,	9104812121,	0,	'',	'',	NULL,	NULL,	NULL,	NULL,	1,	4,	'V',	'Vendor',	'0',	'0',	'1',	'2021-09-25 10:56:54',	'2021-09-25 10:56:54'),
(57,	'EHVL_91393',	NULL,	NULL,	NULL,	NULL,	'Vayuz',	'Gaurav Pal',	'Noida',	'gaurav.pal@vayuz.com',	'e10adc3949ba59abbe56e057f20f883e',	'123456',	9205289070,	9205289070,	7,	'https://www.linkedin.com/company/vayuz-technologies/',	'gaurav.pal@vayuz.com',	'2021-09-29',	'',	'',	'',	1,	4,	'V',	'Vendor',	'1',	'1',	'2',	'2021-09-29 10:41:50',	'2021-09-29 10:41:50'),
(58,	'EHVL_31795',	'895271632992805.jpg',	NULL,	NULL,	NULL,	'Mayora Infotech',	'Nakul kundaliya',	'C-1019, Sidhhivinayak Tower, Behind Adani CNG pump, Makarba, Ahmedabad, Gujarat 380051',	'nakul@mayorainfotech.com',	'1f0e51860811ce9b8f6a1bd34fd70f1f',	'Nk_guru@12_portal',	9426488209,	7867028382,	7,	'https://www.linkedin.com/company/mayorainfotech/',	'nakul_kundaliya',	NULL,	NULL,	NULL,	NULL,	1,	4,	'V',	'Vendor',	'1',	'1',	'2',	'2021-09-30 11:18:57',	'2021-09-30 14:36:45'),
(59,	'EHVL_78140',	NULL,	NULL,	NULL,	NULL,	'Advance Idea Modules',	'',	'',	'parth@aimtechnolabs.com',	'e1452e6a524ff1759bc05bcb1dd2e085',	'parth#123',	0,	8866986290,	0,	'',	'',	NULL,	NULL,	NULL,	NULL,	1,	4,	'V',	'Vendor',	'1',	'1',	'2',	'2021-09-30 12:12:39',	'2021-09-30 12:12:39'),
(60,	'EHVL_38407',	NULL,	NULL,	NULL,	NULL,	'SetuBridge Technolabs',	'',	'',	'axay@setubridge.com',	'54d85dcd8e68ef68200c8fb0b5d998d8',	'Admin@587',	0,	8511963839,	0,	'',	'',	NULL,	NULL,	NULL,	NULL,	1,	4,	'V',	'Vendor',	'1',	'1',	'2',	'2021-09-30 13:38:28',	'2021-09-30 13:38:28'),
(61,	'EHVL_27236',	NULL,	NULL,	NULL,	NULL,	'MANRAJ consultant recruitment services',	'',	'',	'Parth.lohana@gmail.com',	'cb53d67a5193ab2510bcff5da8cf0b2a',	'Parth@123',	0,	9722310300,	0,	'',	'',	NULL,	NULL,	NULL,	NULL,	1,	4,	'V',	'Vendor',	'1',	'1',	'2',	'2021-09-30 14:21:26',	'2021-09-30 14:21:26'),
(62,	'EHVL_28254',	NULL,	NULL,	NULL,	NULL,	'Next Step Associates',	'',	'',	'nextstepassociate@gmail.com',	'f8f56c91bb52bd589b68188cd75da15c',	'Dss@123456',	0,	9998042494,	0,	'',	'',	NULL,	NULL,	NULL,	NULL,	1,	4,	'V',	'Vendor',	'1',	'1',	'2',	'2021-09-30 14:57:05',	'2021-09-30 14:57:05'),
(63,	'EHVL_51061',	NULL,	NULL,	NULL,	NULL,	'Disha Kacheria - RQ',	'Disha Kacheria',	'Bombay',	'disha.kacheria@gmail.com',	'e10adc3949ba59abbe56e057f20f883e',	'123456',	9833925171,	9833925171,	7,	'https://www.linkedin.com/in/disha-kacheria-80ba475/',	'disha.kacheria@gmail.com',	'2021-09-30',	'',	'',	'',	1,	4,	'V',	'Vendor',	'1',	'1',	'2',	'2021-09-30 15:31:06',	'2021-09-30 15:31:06'),
(64,	'EHVL_68031',	NULL,	NULL,	NULL,	NULL,	'Dura Jobs',	'',	'',	'pawan@durajobs.in',	'49c37fcc72b49ac7c99716f83a7bfb4c',	'Pavan@007',	0,	9316730412,	0,	'',	'',	NULL,	NULL,	NULL,	NULL,	1,	4,	'V',	'Vendor',	'1',	'1',	'2',	'2021-09-30 16:03:38',	'2021-09-30 16:03:38'),
(65,	'EHVL_57720',	NULL,	NULL,	NULL,	NULL,	'Kirti Sharma',	'',	'',	'kirtisharma101@gmail.com',	'f6dbe912dd0efe76b4e1977e72412f56',	'Kirti@1111',	0,	9016768560,	0,	'',	'',	NULL,	NULL,	NULL,	NULL,	1,	4,	'V',	'Vendor',	'1',	'1',	'2',	'2021-09-30 17:22:15',	'2021-09-30 17:22:15'),
(66,	'EHVL_00589',	NULL,	NULL,	NULL,	NULL,	'SparkUP Consultancy',	'',	'',	'hr.sparkup@gmail.com',	'94a492be4987d02dd70124c3772d646b',	'Sparkup@2021',	0,	7859941262,	0,	'',	'',	NULL,	NULL,	NULL,	NULL,	1,	4,	'V',	'Vendor',	'1',	'1',	'2',	'2021-10-04 14:08:28',	'2021-10-04 14:08:28'),
(67,	'EHVL_21697',	NULL,	NULL,	NULL,	NULL,	'Techcronus',	'Ketul Sheth',	'4/C Center Point,Panchvati, Ellisbridge, Ahmedabad – 380006, India',	'ketul@techcronus.com',	'e10adc3949ba59abbe56e057f20f883e',	'123456',	9998929601,	9998929601,	7,	'https://www.linkedin.com/company/techcronus-india/',	'techcronus',	'2021-10-08',	'',	'',	'',	1,	4,	'V',	'Vendor',	'1',	'1',	'2',	'2021-10-08 11:36:06',	'2021-10-08 11:36:06'),
(68,	'EHVL_92171',	NULL,	NULL,	NULL,	NULL,	'Tecblic',	'Heena Nair',	'A-305 Stellar complex, Sindhu Bhavan Road, Ahmedabad- 380054.',	'heena.nair@tecblic.com',	'e10adc3949ba59abbe56e057f20f883e',	'123456',	9925205269,	7567074977,	7,	'https://www.linkedin.com/company/tecblic/',	'live:.cid.acff261f2d567261',	'2021-10-08',	'',	'',	'',	1,	4,	'V',	'Vendor',	'1',	'1',	'2',	'2021-10-08 11:54:45',	'2021-10-08 11:54:45'),
(69,	'EHVL_11829',	NULL,	NULL,	NULL,	NULL,	'Newton School',	'Kayshini',	'00',	'kayshini.nahata@newtonschool.co',	'e10adc3949ba59abbe56e057f20f883e',	'123456',	0,	0,	7,	'https://www.linkedin.com/in/nahatakayshini/',	'00',	'2021-10-08',	'00',	'00',	'00',	1,	4,	'V',	'Vendor',	'1',	'1',	'2',	'2021-10-08 18:28:00',	'2021-10-08 18:28:00'),
(70,	'EHVL_59752',	NULL,	NULL,	NULL,	NULL,	'Ojas Innovative Technologies',	'Raghu Akula',	'Ojas Innovative Technologies',	'raghu.akula@ojas-it.com',	'e10adc3949ba59abbe56e057f20f883e',	'123456',	9346990832,	9346990832,	7,	'https://www.linkedin.com/in/raghu-akula-it-consulting-bb8a67133/',	'raghu.akula@ojas-it.com',	'2021-10-12',	'',	'',	'',	1,	4,	'V',	'Vendor',	'1',	'1',	'2',	'2021-10-12 13:10:29',	'2021-10-12 13:10:29');

DROP TABLE IF EXISTS `tbl_customers_permissions`;
CREATE TABLE `tbl_customers_permissions` (
  `cp_id` int(11) NOT NULL AUTO_INCREMENT,
  `permission_id` bigint(20) DEFAULT NULL,
  `customer_id` bigint(20) DEFAULT NULL,
  `permission_name` varchar(255) DEFAULT NULL,
  `status` enum('1','2') NOT NULL DEFAULT '2',
  PRIMARY KEY (`cp_id`),
  KEY `customer_id` (`customer_id`),
  KEY `permission_id` (`permission_name`),
  CONSTRAINT `tbl_customers_permissions_ibfk_1` FOREIGN KEY (`customer_id`) REFERENCES `tbl_customers` (`customer_id`) ON DELETE CASCADE ON UPDATE CASCADE
) ENGINE=InnoDB DEFAULT CHARSET=utf8;

INSERT INTO `tbl_customers_permissions` (`cp_id`, `permission_id`, `customer_id`, `permission_name`, `status`) VALUES
(2112,	1,	2,	'approve_customers_list',	'1'),
(2113,	5,	2,	'education_list',	'1'),
(2114,	9,	2,	'technology_list',	'1'),
(2115,	13,	2,	'industry_list',	'1'),
(2116,	17,	2,	'job_list',	'1'),
(2117,	21,	2,	'approve_vendors_list',	'1'),
(2118,	25,	2,	'employees_list',	'1'),
(2119,	26,	2,	'employees_add',	'1'),
(2120,	28,	2,	'employees_delete',	'1'),
(2121,	29,	2,	'agreements_list',	'1'),
(2122,	33,	2,	'vendors_employees_details_view',	'1'),
(2123,	37,	2,	'vendors_agreement',	'1'),
(2124,	41,	2,	'postjob_list',	'1'),
(2125,	42,	2,	'postjob_add',	'1'),
(2126,	44,	2,	'postjob_delete',	'1'),
(2127,	45,	2,	'interviewschedule_list',	'1'),
(2128,	46,	2,	'interviewschedule_add',	'1'),
(2129,	48,	2,	'interviewschedule_delete',	'1'),
(2266,	21,	39,	'approve_vendors_list',	'1'),
(2267,	22,	39,	'vendors_add',	'1'),
(2268,	23,	39,	'vendors_edit',	'1'),
(2269,	24,	39,	'vendors_delete',	'1'),
(2270,	25,	39,	'employees_list',	'1'),
(2271,	26,	39,	'employees_add',	'1'),
(2272,	27,	39,	'employees_edit',	'1'),
(2273,	28,	39,	'employees_delete',	'1'),
(2274,	29,	39,	'agreements_list',	'1'),
(2275,	33,	39,	'vendors_employees_details_view',	'1'),
(2276,	37,	39,	'vendors_agreement',	'1'),
(2277,	41,	39,	'postjob_list',	'1'),
(2278,	42,	39,	'postjob_add',	'1'),
(2279,	43,	39,	'postjob_edit',	'1'),
(2280,	44,	39,	'postjob_delete',	'1'),
(2281,	45,	39,	'interviewschedule_list',	'1'),
(2282,	46,	39,	'interviewschedule_add',	'1'),
(2283,	47,	39,	'interviewschedule_edit',	'1'),
(2284,	48,	39,	'interviewschedule_delete',	'1'),
(2404,	1,	36,	'approve_customers_list',	'1'),
(2405,	5,	36,	'education_list',	'1'),
(2406,	9,	36,	'technology_list',	'1'),
(2407,	13,	36,	'industry_list',	'1'),
(2408,	17,	36,	'job_list',	'1'),
(2409,	21,	36,	'approve_vendors_list',	'1'),
(2410,	22,	36,	'vendors_add',	'1'),
(2411,	23,	36,	'vendors_edit',	'1'),
(2412,	24,	36,	'vendors_delete',	'1'),
(2413,	25,	36,	'employees_list',	'1'),
(2414,	26,	36,	'employees_add',	'1'),
(2415,	27,	36,	'employees_edit',	'1'),
(2416,	28,	36,	'employees_delete',	'1'),
(2417,	29,	36,	'agreements_list',	'1'),
(2418,	33,	36,	'vendors_employees_details_view',	'1'),
(2419,	37,	36,	'vendors_agreement',	'1'),
(2420,	41,	36,	'postjob_list',	'1'),
(2421,	42,	36,	'postjob_add',	'1'),
(2422,	43,	36,	'postjob_edit',	'1'),
(2423,	44,	36,	'postjob_delete',	'1'),
(2424,	45,	36,	'interviewschedule_list',	'1'),
(2425,	46,	36,	'interviewschedule_add',	'1'),
(2426,	47,	36,	'interviewschedule_edit',	'1'),
(2427,	48,	36,	'interviewschedule_delete',	'1'),
(2428,	21,	34,	'approve_vendors_list',	'1'),
(2429,	22,	34,	'vendors_add',	'1'),
(2430,	23,	34,	'vendors_edit',	'1'),
(2431,	24,	34,	'vendors_delete',	'1'),
(2432,	25,	34,	'employees_list',	'1'),
(2433,	26,	34,	'employees_add',	'1'),
(2434,	27,	34,	'employees_edit',	'1'),
(2435,	28,	34,	'employees_delete',	'1'),
(2436,	33,	34,	'vendors_employees_details_view',	'1'),
(2437,	37,	34,	'vendors_agreement',	'1'),
(2438,	41,	34,	'postjob_list',	'1'),
(2439,	42,	34,	'postjob_add',	'1'),
(2440,	43,	34,	'postjob_edit',	'1'),
(2441,	44,	34,	'postjob_delete',	'1'),
(2442,	45,	34,	'interviewschedule_list',	'1'),
(2443,	46,	34,	'interviewschedule_add',	'1'),
(2444,	47,	34,	'interviewschedule_edit',	'1'),
(2445,	48,	34,	'interviewschedule_delete',	'1'),
(2465,	21,	33,	'approve_vendors_list',	'1'),
(2466,	22,	33,	'vendors_add',	'1'),
(2467,	23,	33,	'vendors_edit',	'1'),
(2468,	24,	33,	'vendors_delete',	'1'),
(2469,	25,	33,	'employees_list',	'1'),
(2470,	26,	33,	'employees_add',	'1'),
(2471,	27,	33,	'employees_edit',	'1'),
(2472,	28,	33,	'employees_delete',	'1'),
(2473,	33,	33,	'vendors_employees_details_view',	'1'),
(2474,	37,	33,	'vendors_agreement',	'1'),
(2475,	41,	33,	'postjob_list',	'1'),
(2476,	42,	33,	'postjob_add',	'1'),
(2477,	43,	33,	'postjob_edit',	'1'),
(2478,	44,	33,	'postjob_delete',	'1'),
(2479,	45,	33,	'interviewschedule_list',	'1'),
(2480,	46,	33,	'interviewschedule_add',	'1'),
(2481,	47,	33,	'interviewschedule_edit',	'1'),
(2482,	48,	33,	'interviewschedule_delete',	'1'),
(2531,	1,	52,	'approve_customers_list',	'1'),
(2532,	2,	52,	'customers_add',	'1'),
(2533,	3,	52,	'customers_edit',	'1'),
(2534,	4,	52,	'customers_delete',	'1'),
(2535,	5,	52,	'education_list',	'1'),
(2536,	6,	52,	'add_education',	'1'),
(2537,	7,	52,	'edit_education',	'1'),
(2538,	8,	52,	'education_delete',	'1'),
(2539,	9,	52,	'technology_list',	'1'),
(2540,	10,	52,	'add_technology',	'1'),
(2541,	11,	52,	'edit_technology',	'1'),
(2542,	12,	52,	'technology_delete',	'1'),
(2543,	13,	52,	'industry_list',	'1'),
(2544,	14,	52,	'add_industry',	'1'),
(2545,	15,	52,	'edit_industry',	'1'),
(2546,	16,	52,	'industry_delete',	'1'),
(2547,	17,	52,	'job_list',	'1'),
(2548,	18,	52,	'add_job',	'1'),
(2549,	19,	52,	'edit_job',	'1'),
(2550,	20,	52,	'job_delete',	'1'),
(2551,	21,	52,	'approve_vendors_list',	'1'),
(2552,	22,	52,	'vendors_add',	'1'),
(2553,	23,	52,	'vendors_edit',	'1'),
(2554,	24,	52,	'vendors_delete',	'1'),
(2555,	25,	52,	'employees_list',	'1'),
(2556,	26,	52,	'employees_add',	'1'),
(2557,	27,	52,	'employees_edit',	'1'),
(2558,	28,	52,	'employees_delete',	'1'),
(2559,	29,	52,	'agreements_list',	'1'),
(2560,	30,	52,	'add_agreements',	'1'),
(2561,	31,	52,	'edit_agreements',	'1'),
(2562,	32,	52,	'agreements_delete',	'1'),
(2563,	33,	52,	'vendors_employees_details_view',	'1'),
(2564,	35,	52,	'vendors_employees_details',	'1'),
(2565,	37,	52,	'vendors_agreement',	'1'),
(2566,	41,	52,	'postjob_list',	'1'),
(2567,	42,	52,	'postjob_add',	'1'),
(2568,	43,	52,	'postjob_edit',	'1'),
(2569,	44,	52,	'postjob_delete',	'1'),
(2570,	45,	52,	'interviewschedule_list',	'1'),
(2571,	46,	52,	'interviewschedule_add',	'1'),
(2572,	47,	52,	'interviewschedule_edit',	'1'),
(2573,	48,	52,	'interviewschedule_delete',	'1'),
(2582,	25,	54,	'employees_list',	'1'),
(2583,	26,	54,	'employees_add',	'1'),
(2584,	27,	54,	'employees_edit',	'1'),
(2585,	28,	54,	'employees_delete',	'1'),
(2586,	33,	54,	'vendors_employees_details_view',	'1'),
(2587,	34,	54,	'',	'1'),
(2588,	35,	54,	'vendors_employees_details',	'1'),
(2589,	36,	54,	'',	'1'),
(2590,	1,	1,	'approve_customers_list',	'1'),
(2591,	2,	1,	'customers_add',	'1'),
(2592,	3,	1,	'customers_edit',	'1'),
(2593,	4,	1,	'customers_delete',	'1'),
(2594,	5,	1,	'education_list',	'1'),
(2595,	6,	1,	'add_education',	'1'),
(2596,	7,	1,	'edit_education',	'1'),
(2597,	8,	1,	'education_delete',	'1'),
(2598,	9,	1,	'technology_list',	'1'),
(2599,	10,	1,	'add_technology',	'1'),
(2600,	11,	1,	'edit_technology',	'1'),
(2601,	12,	1,	'technology_delete',	'1'),
(2602,	13,	1,	'industry_list',	'1'),
(2603,	14,	1,	'add_industry',	'1'),
(2604,	15,	1,	'edit_industry',	'1'),
(2605,	16,	1,	'industry_delete',	'1'),
(2606,	17,	1,	'job_list',	'1'),
(2607,	18,	1,	'add_job',	'1'),
(2608,	19,	1,	'edit_job',	'1'),
(2609,	20,	1,	'job_delete',	'1'),
(2610,	21,	1,	'approve_vendors_list',	'1'),
(2611,	22,	1,	'vendors_add',	'1'),
(2612,	23,	1,	'vendors_edit',	'1'),
(2613,	24,	1,	'vendors_delete',	'1'),
(2614,	25,	1,	'employees_list',	'1'),
(2615,	26,	1,	'employees_add',	'1'),
(2616,	27,	1,	'employees_edit',	'1'),
(2617,	28,	1,	'employees_delete',	'1'),
(2618,	29,	1,	'agreements_list',	'1'),
(2619,	30,	1,	'add_agreements',	'1'),
(2620,	31,	1,	'edit_agreements',	'1'),
(2621,	32,	1,	'agreements_delete',	'1'),
(2622,	33,	1,	'vendors_employees_details_view',	'1'),
(2623,	35,	1,	'vendors_employees_details',	'1'),
(2624,	37,	1,	'vendors_agreement',	'1'),
(2625,	41,	1,	'postjob_list',	'1'),
(2626,	42,	1,	'postjob_add',	'1'),
(2627,	43,	1,	'postjob_edit',	'1'),
(2628,	44,	1,	'postjob_delete',	'1'),
(2629,	45,	1,	'interviewschedule_list',	'1'),
(2630,	46,	1,	'interviewschedule_add',	'1'),
(2631,	47,	1,	'interviewschedule_edit',	'1'),
(2632,	48,	1,	'interviewschedule_delete',	'1'),
(2633,	49,	1,	'my_employees_list',	'1'),
(2634,	50,	1,	'my_employees_add',	'1'),
(2635,	51,	1,	'my_employees_edit',	'1'),
(2636,	52,	1,	'my_employees_delete',	'1'),
(2637,	25,	15,	'employees_list',	'1'),
(2638,	26,	15,	'employees_add',	'1'),
(2639,	27,	15,	'employees_edit',	'1'),
(2640,	28,	15,	'employees_delete',	'1'),
(2641,	49,	15,	'my_employees_list',	'1'),
(2642,	50,	15,	'my_employees_add',	'1'),
(2643,	51,	15,	'my_employees_edit',	'1'),
(2644,	52,	15,	'my_employees_delete',	'1'),
(2645,	25,	53,	'employees_list',	'1'),
(2646,	26,	53,	'employees_add',	'1'),
(2647,	27,	53,	'employees_edit',	'1'),
(2648,	28,	53,	'employees_delete',	'1'),
(2649,	33,	53,	'vendors_employees_details_view',	'1'),
(2650,	35,	53,	'vendors_employees_details',	'1'),
(2651,	49,	53,	'my_employees_list',	'1'),
(2652,	50,	53,	'my_employees_add',	'1'),
(2653,	51,	53,	'my_employees_edit',	'1'),
(2654,	52,	53,	'my_employees_delete',	'1'),
(2655,	25,	51,	'employees_list',	'1'),
(2656,	26,	51,	'employees_add',	'1'),
(2657,	27,	51,	'employees_edit',	'1'),
(2658,	28,	51,	'employees_delete',	'1'),
(2659,	33,	51,	'vendors_employees_details_view',	'1'),
(2660,	35,	51,	'vendors_employees_details',	'1'),
(2661,	49,	51,	'my_employees_list',	'1'),
(2662,	50,	51,	'my_employees_add',	'1'),
(2663,	51,	51,	'my_employees_edit',	'1'),
(2664,	52,	51,	'my_employees_delete',	'1'),
(2665,	25,	50,	'employees_list',	'1'),
(2666,	26,	50,	'employees_add',	'1'),
(2667,	27,	50,	'employees_edit',	'1'),
(2668,	28,	50,	'employees_delete',	'1'),
(2669,	33,	50,	'vendors_employees_details_view',	'1'),
(2670,	35,	50,	'vendors_employees_details',	'1'),
(2671,	49,	50,	'my_employees_list',	'1'),
(2672,	50,	50,	'my_employees_add',	'1'),
(2673,	51,	50,	'my_employees_edit',	'1'),
(2674,	52,	50,	'my_employees_delete',	'1'),
(2685,	25,	48,	'employees_list',	'1'),
(2686,	26,	48,	'employees_add',	'1'),
(2687,	27,	48,	'employees_edit',	'1'),
(2688,	28,	48,	'employees_delete',	'1'),
(2689,	33,	48,	'vendors_employees_details_view',	'1'),
(2690,	35,	48,	'vendors_employees_details',	'1'),
(2691,	49,	48,	'my_employees_list',	'1'),
(2692,	50,	48,	'my_employees_add',	'1'),
(2693,	51,	48,	'my_employees_edit',	'1'),
(2694,	52,	48,	'my_employees_delete',	'1'),
(2695,	25,	47,	'employees_list',	'1'),
(2696,	26,	47,	'employees_add',	'1'),
(2697,	27,	47,	'employees_edit',	'1'),
(2698,	28,	47,	'employees_delete',	'1'),
(2699,	33,	47,	'vendors_employees_details_view',	'1'),
(2700,	35,	47,	'vendors_employees_details',	'1'),
(2701,	49,	47,	'my_employees_list',	'1'),
(2702,	50,	47,	'my_employees_add',	'1'),
(2703,	51,	47,	'my_employees_edit',	'1'),
(2704,	52,	47,	'my_employees_delete',	'1'),
(2705,	25,	46,	'employees_list',	'1'),
(2706,	26,	46,	'employees_add',	'1'),
(2707,	27,	46,	'employees_edit',	'1'),
(2708,	28,	46,	'employees_delete',	'1'),
(2709,	33,	46,	'vendors_employees_details_view',	'1'),
(2710,	35,	46,	'vendors_employees_details',	'1'),
(2711,	49,	46,	'my_employees_list',	'1'),
(2712,	50,	46,	'my_employees_add',	'1'),
(2713,	51,	46,	'my_employees_edit',	'1'),
(2714,	52,	46,	'my_employees_delete',	'1'),
(2715,	25,	45,	'employees_list',	'1'),
(2716,	26,	45,	'employees_add',	'1'),
(2717,	27,	45,	'employees_edit',	'1'),
(2718,	28,	45,	'employees_delete',	'1'),
(2719,	33,	45,	'vendors_employees_details_view',	'1'),
(2720,	35,	45,	'vendors_employees_details',	'1'),
(2721,	41,	45,	'postjob_list',	'1'),
(2722,	42,	45,	'postjob_add',	'1'),
(2723,	43,	45,	'postjob_edit',	'1'),
(2724,	44,	45,	'postjob_delete',	'1'),
(2725,	49,	45,	'my_employees_list',	'1'),
(2726,	50,	45,	'my_employees_add',	'1'),
(2727,	51,	45,	'my_employees_edit',	'1'),
(2728,	52,	45,	'my_employees_delete',	'1'),
(2729,	25,	43,	'employees_list',	'1'),
(2730,	26,	43,	'employees_add',	'1'),
(2731,	27,	43,	'employees_edit',	'1'),
(2732,	28,	43,	'employees_delete',	'1'),
(2733,	33,	43,	'vendors_employees_details_view',	'1'),
(2734,	35,	43,	'vendors_employees_details',	'1'),
(2735,	49,	43,	'my_employees_list',	'1'),
(2736,	50,	43,	'my_employees_add',	'1'),
(2737,	51,	43,	'my_employees_edit',	'1'),
(2738,	52,	43,	'my_employees_delete',	'1'),
(2739,	25,	42,	'employees_list',	'1'),
(2740,	26,	42,	'employees_add',	'1'),
(2741,	27,	42,	'employees_edit',	'1'),
(2742,	28,	42,	'employees_delete',	'1'),
(2743,	33,	42,	'vendors_employees_details_view',	'1'),
(2744,	35,	42,	'vendors_employees_details',	'1'),
(2745,	49,	42,	'my_employees_list',	'1'),
(2746,	50,	42,	'my_employees_add',	'1'),
(2747,	51,	42,	'my_employees_edit',	'1'),
(2748,	52,	42,	'my_employees_delete',	'1'),
(2749,	25,	37,	'employees_list',	'1'),
(2750,	26,	37,	'employees_add',	'1'),
(2751,	27,	37,	'employees_edit',	'1'),
(2752,	28,	37,	'employees_delete',	'1'),
(2753,	33,	37,	'vendors_employees_details_view',	'1'),
(2754,	35,	37,	'vendors_employees_details',	'1'),
(2755,	41,	37,	'postjob_list',	'1'),
(2756,	42,	37,	'postjob_add',	'1'),
(2757,	43,	37,	'postjob_edit',	'1'),
(2758,	44,	37,	'postjob_delete',	'1'),
(2759,	49,	37,	'my_employees_list',	'1'),
(2760,	50,	37,	'my_employees_add',	'1'),
(2761,	51,	37,	'my_employees_edit',	'1'),
(2762,	52,	37,	'my_employees_delete',	'1'),
(2763,	25,	35,	'employees_list',	'1'),
(2764,	26,	35,	'employees_add',	'1'),
(2765,	27,	35,	'employees_edit',	'1'),
(2766,	28,	35,	'employees_delete',	'1'),
(2767,	33,	35,	'vendors_employees_details_view',	'1'),
(2768,	35,	35,	'vendors_employees_details',	'1'),
(2769,	41,	35,	'postjob_list',	'1'),
(2770,	42,	35,	'postjob_add',	'1'),
(2771,	43,	35,	'postjob_edit',	'1'),
(2772,	44,	35,	'postjob_delete',	'1'),
(2773,	49,	35,	'my_employees_list',	'1'),
(2774,	50,	35,	'my_employees_add',	'1'),
(2775,	51,	35,	'my_employees_edit',	'1'),
(2776,	52,	35,	'my_employees_delete',	'1'),
(2777,	25,	29,	'employees_list',	'1'),
(2778,	26,	29,	'employees_add',	'1'),
(2779,	27,	29,	'employees_edit',	'1'),
(2780,	28,	29,	'employees_delete',	'1'),
(2781,	33,	29,	'vendors_employees_details_view',	'1'),
(2782,	35,	29,	'vendors_employees_details',	'1'),
(2783,	41,	29,	'postjob_list',	'1'),
(2784,	42,	29,	'postjob_add',	'1'),
(2785,	43,	29,	'postjob_edit',	'1'),
(2786,	44,	29,	'postjob_delete',	'1'),
(2787,	49,	29,	'my_employees_list',	'1'),
(2788,	50,	29,	'my_employees_add',	'1'),
(2789,	51,	29,	'my_employees_edit',	'1'),
(2790,	52,	29,	'my_employees_delete',	'1'),
(2791,	25,	28,	'employees_list',	'1'),
(2792,	26,	28,	'employees_add',	'1'),
(2793,	27,	28,	'employees_edit',	'1'),
(2794,	28,	28,	'employees_delete',	'1'),
(2795,	33,	28,	'vendors_employees_details_view',	'1'),
(2796,	35,	28,	'vendors_employees_details',	'1'),
(2797,	49,	28,	'my_employees_list',	'1'),
(2798,	50,	28,	'my_employees_add',	'1'),
(2799,	51,	28,	'my_employees_edit',	'1'),
(2800,	52,	28,	'my_employees_delete',	'1'),
(2801,	49,	26,	'my_employees_list',	'1'),
(2802,	50,	26,	'my_employees_add',	'1'),
(2803,	51,	26,	'my_employees_edit',	'1'),
(2804,	52,	26,	'my_employees_delete',	'1'),
(2805,	25,	24,	'employees_list',	'1'),
(2806,	26,	24,	'employees_add',	'1'),
(2807,	27,	24,	'employees_edit',	'1'),
(2808,	28,	24,	'employees_delete',	'1'),
(2809,	33,	24,	'vendors_employees_details_view',	'1'),
(2810,	35,	24,	'vendors_employees_details',	'1'),
(2811,	41,	24,	'postjob_list',	'1'),
(2812,	42,	24,	'postjob_add',	'1'),
(2813,	43,	24,	'postjob_edit',	'1'),
(2814,	44,	24,	'postjob_delete',	'1'),
(2815,	49,	24,	'my_employees_list',	'1'),
(2816,	50,	24,	'my_employees_add',	'1'),
(2817,	51,	24,	'my_employees_edit',	'1'),
(2818,	52,	24,	'my_employees_delete',	'1'),
(2819,	25,	23,	'employees_list',	'1'),
(2820,	26,	23,	'employees_add',	'1'),
(2821,	27,	23,	'employees_edit',	'1'),
(2822,	28,	23,	'employees_delete',	'1'),
(2823,	49,	23,	'my_employees_list',	'1'),
(2824,	50,	23,	'my_employees_add',	'1'),
(2825,	51,	23,	'my_employees_edit',	'1'),
(2826,	52,	23,	'my_employees_delete',	'1'),
(2827,	25,	22,	'employees_list',	'1'),
(2828,	26,	22,	'employees_add',	'1'),
(2829,	27,	22,	'employees_edit',	'1'),
(2830,	28,	22,	'employees_delete',	'1'),
(2831,	49,	22,	'my_employees_list',	'1'),
(2832,	50,	22,	'my_employees_add',	'1'),
(2833,	51,	22,	'my_employees_edit',	'1'),
(2834,	52,	22,	'my_employees_delete',	'1'),
(2835,	25,	21,	'employees_list',	'1'),
(2836,	26,	21,	'employees_add',	'1'),
(2837,	27,	21,	'employees_edit',	'1'),
(2838,	28,	21,	'employees_delete',	'1'),
(2839,	49,	21,	'my_employees_list',	'1'),
(2840,	50,	21,	'my_employees_add',	'1'),
(2841,	51,	21,	'my_employees_edit',	'1'),
(2842,	52,	21,	'my_employees_delete',	'1'),
(2843,	25,	19,	'employees_list',	'1'),
(2844,	26,	19,	'employees_add',	'1'),
(2845,	27,	19,	'employees_edit',	'1'),
(2846,	28,	19,	'employees_delete',	'1'),
(2847,	49,	19,	'my_employees_list',	'1'),
(2848,	50,	19,	'my_employees_add',	'1'),
(2849,	51,	19,	'my_employees_edit',	'1'),
(2850,	52,	19,	'my_employees_delete',	'1'),
(2851,	25,	18,	'employees_list',	'1'),
(2852,	26,	18,	'employees_add',	'1'),
(2853,	27,	18,	'employees_edit',	'1'),
(2854,	28,	18,	'employees_delete',	'1'),
(2855,	33,	18,	'vendors_employees_details_view',	'1'),
(2856,	35,	18,	'vendors_employees_details',	'1'),
(2857,	37,	18,	'vendors_agreement',	'1'),
(2858,	41,	18,	'postjob_list',	'1'),
(2859,	42,	18,	'postjob_add',	'1'),
(2860,	43,	18,	'postjob_edit',	'1'),
(2861,	44,	18,	'postjob_delete',	'1'),
(2862,	49,	18,	'my_employees_list',	'1'),
(2863,	50,	18,	'my_employees_add',	'1'),
(2864,	51,	18,	'my_employees_edit',	'1'),
(2865,	52,	18,	'my_employees_delete',	'1'),
(2866,	25,	3,	'employees_list',	'1'),
(2867,	26,	3,	'employees_add',	'1'),
(2868,	27,	3,	'employees_edit',	'1'),
(2869,	28,	3,	'employees_delete',	'1'),
(2870,	49,	3,	'my_employees_list',	'1'),
(2871,	50,	3,	'my_employees_add',	'1'),
(2872,	51,	3,	'my_employees_edit',	'1'),
(2873,	52,	3,	'my_employees_delete',	'1'),
(2886,	25,	55,	'employees_list',	'1'),
(2887,	26,	55,	'employees_add',	'1'),
(2888,	27,	55,	'employees_edit',	'1'),
(2889,	28,	55,	'employees_delete',	'1'),
(2890,	33,	55,	'vendors_employees_details_view',	'1'),
(2891,	35,	55,	'vendors_employees_details',	'1'),
(2892,	49,	55,	'my_employees_list',	'1'),
(2893,	50,	55,	'my_employees_add',	'1'),
(2894,	51,	55,	'my_employees_edit',	'1'),
(2895,	52,	55,	'my_employees_delete',	'1'),
(2896,	25,	56,	'employees_list',	'1'),
(2897,	26,	56,	'employees_add',	'1'),
(2898,	27,	56,	'employees_edit',	'1'),
(2899,	28,	56,	'employees_delete',	'1'),
(2900,	33,	56,	'vendors_employees_details_view',	'1'),
(2901,	34,	56,	'',	'1'),
(2902,	35,	56,	'vendors_employees_details',	'1'),
(2903,	36,	56,	'',	'1'),
(2904,	49,	56,	'my_employees_list',	'1'),
(2905,	50,	56,	'my_employees_add',	'1'),
(2906,	51,	56,	'my_employees_edit',	'1'),
(2907,	52,	56,	'my_employees_delete',	'1'),
(2908,	25,	57,	'employees_list',	'1'),
(2909,	26,	57,	'employees_add',	'1'),
(2910,	27,	57,	'employees_edit',	'1'),
(2911,	28,	57,	'employees_delete',	'1'),
(2912,	33,	57,	'vendors_employees_details_view',	'1'),
(2913,	34,	57,	'',	'1'),
(2914,	35,	57,	'vendors_employees_details',	'1'),
(2915,	36,	57,	'',	'1'),
(2916,	49,	57,	'my_employees_list',	'1'),
(2917,	50,	57,	'my_employees_add',	'1'),
(2918,	51,	57,	'my_employees_edit',	'1'),
(2919,	52,	57,	'my_employees_delete',	'1'),
(2920,	25,	58,	'employees_list',	'1'),
(2921,	26,	58,	'employees_add',	'1'),
(2922,	27,	58,	'employees_edit',	'1'),
(2923,	28,	58,	'employees_delete',	'1'),
(2924,	33,	58,	'vendors_employees_details_view',	'1'),
(2925,	34,	58,	'',	'1'),
(2926,	35,	58,	'vendors_employees_details',	'1'),
(2927,	36,	58,	'',	'1'),
(2928,	49,	58,	'my_employees_list',	'1'),
(2929,	50,	58,	'my_employees_add',	'1'),
(2930,	51,	58,	'my_employees_edit',	'1'),
(2931,	52,	58,	'my_employees_delete',	'1'),
(2932,	25,	59,	'employees_list',	'1'),
(2933,	26,	59,	'employees_add',	'1'),
(2934,	27,	59,	'employees_edit',	'1'),
(2935,	28,	59,	'employees_delete',	'1'),
(2936,	33,	59,	'vendors_employees_details_view',	'1'),
(2937,	34,	59,	'',	'1'),
(2938,	35,	59,	'vendors_employees_details',	'1'),
(2939,	36,	59,	'',	'1'),
(2940,	49,	59,	'my_employees_list',	'1'),
(2941,	50,	59,	'my_employees_add',	'1'),
(2942,	51,	59,	'my_employees_edit',	'1'),
(2943,	52,	59,	'my_employees_delete',	'1'),
(2944,	25,	60,	'employees_list',	'1'),
(2945,	26,	60,	'employees_add',	'1'),
(2946,	27,	60,	'employees_edit',	'1'),
(2947,	28,	60,	'employees_delete',	'1'),
(2948,	33,	60,	'vendors_employees_details_view',	'1'),
(2949,	34,	60,	'',	'1'),
(2950,	35,	60,	'vendors_employees_details',	'1'),
(2951,	36,	60,	'',	'1'),
(2952,	49,	60,	'my_employees_list',	'1'),
(2953,	50,	60,	'my_employees_add',	'1'),
(2954,	51,	60,	'my_employees_edit',	'1'),
(2955,	52,	60,	'my_employees_delete',	'1'),
(2956,	25,	61,	'employees_list',	'1'),
(2957,	26,	61,	'employees_add',	'1'),
(2958,	27,	61,	'employees_edit',	'1'),
(2959,	28,	61,	'employees_delete',	'1'),
(2960,	33,	61,	'vendors_employees_details_view',	'1'),
(2961,	34,	61,	'',	'1'),
(2962,	35,	61,	'vendors_employees_details',	'1'),
(2963,	36,	61,	'',	'1'),
(2964,	49,	61,	'my_employees_list',	'1'),
(2965,	50,	61,	'my_employees_add',	'1'),
(2966,	51,	61,	'my_employees_edit',	'1'),
(2967,	52,	61,	'my_employees_delete',	'1'),
(2968,	25,	62,	'employees_list',	'1'),
(2969,	26,	62,	'employees_add',	'1'),
(2970,	27,	62,	'employees_edit',	'1'),
(2971,	28,	62,	'employees_delete',	'1'),
(2972,	33,	62,	'vendors_employees_details_view',	'1'),
(2973,	34,	62,	'',	'1'),
(2974,	35,	62,	'vendors_employees_details',	'1'),
(2975,	36,	62,	'',	'1'),
(2976,	49,	62,	'my_employees_list',	'1'),
(2977,	50,	62,	'my_employees_add',	'1'),
(2978,	51,	62,	'my_employees_edit',	'1'),
(2979,	52,	62,	'my_employees_delete',	'1'),
(2980,	25,	63,	'employees_list',	'1'),
(2981,	26,	63,	'employees_add',	'1'),
(2982,	27,	63,	'employees_edit',	'1'),
(2983,	28,	63,	'employees_delete',	'1'),
(2984,	33,	63,	'vendors_employees_details_view',	'1'),
(2985,	34,	63,	'',	'1'),
(2986,	35,	63,	'vendors_employees_details',	'1'),
(2987,	36,	63,	'',	'1'),
(2988,	49,	63,	'my_employees_list',	'1'),
(2989,	50,	63,	'my_employees_add',	'1'),
(2990,	51,	63,	'my_employees_edit',	'1'),
(2991,	52,	63,	'my_employees_delete',	'1'),
(2992,	25,	64,	'employees_list',	'1'),
(2993,	26,	64,	'employees_add',	'1'),
(2994,	27,	64,	'employees_edit',	'1'),
(2995,	28,	64,	'employees_delete',	'1'),
(2996,	33,	64,	'vendors_employees_details_view',	'1'),
(2997,	34,	64,	'',	'1'),
(2998,	35,	64,	'vendors_employees_details',	'1'),
(2999,	36,	64,	'',	'1'),
(3000,	49,	64,	'my_employees_list',	'1'),
(3001,	50,	64,	'my_employees_add',	'1'),
(3002,	51,	64,	'my_employees_edit',	'1'),
(3003,	52,	64,	'my_employees_delete',	'1'),
(3004,	25,	65,	'employees_list',	'1'),
(3005,	26,	65,	'employees_add',	'1'),
(3006,	27,	65,	'employees_edit',	'1'),
(3007,	28,	65,	'employees_delete',	'1'),
(3008,	33,	65,	'vendors_employees_details_view',	'1'),
(3009,	34,	65,	'',	'1'),
(3010,	35,	65,	'vendors_employees_details',	'1'),
(3011,	36,	65,	'',	'1'),
(3012,	49,	65,	'my_employees_list',	'1'),
(3013,	50,	65,	'my_employees_add',	'1'),
(3014,	51,	65,	'my_employees_edit',	'1'),
(3015,	52,	65,	'my_employees_delete',	'1'),
(3016,	25,	66,	'employees_list',	'1'),
(3017,	26,	66,	'employees_add',	'1'),
(3018,	27,	66,	'employees_edit',	'1'),
(3019,	28,	66,	'employees_delete',	'1'),
(3020,	33,	66,	'vendors_employees_details_view',	'1'),
(3021,	34,	66,	'',	'1'),
(3022,	35,	66,	'vendors_employees_details',	'1'),
(3023,	36,	66,	'',	'1'),
(3024,	49,	66,	'my_employees_list',	'1'),
(3025,	50,	66,	'my_employees_add',	'1'),
(3026,	51,	66,	'my_employees_edit',	'1'),
(3027,	52,	66,	'my_employees_delete',	'1'),
(3028,	21,	20,	'approve_vendors_list',	'1'),
(3029,	22,	20,	'vendors_add',	'1'),
(3030,	23,	20,	'vendors_edit',	'1'),
(3031,	24,	20,	'vendors_delete',	'1'),
(3032,	25,	20,	'employees_list',	'1'),
(3033,	26,	20,	'employees_add',	'1'),
(3034,	27,	20,	'employees_edit',	'1'),
(3035,	28,	20,	'employees_delete',	'1'),
(3036,	29,	20,	'agreements_list',	'1'),
(3037,	33,	20,	'vendors_employees_details_view',	'1'),
(3038,	37,	20,	'vendors_agreement',	'1'),
(3039,	41,	20,	'postjob_list',	'1'),
(3040,	42,	20,	'postjob_add',	'1'),
(3041,	43,	20,	'postjob_edit',	'1'),
(3042,	44,	20,	'postjob_delete',	'1'),
(3043,	45,	20,	'interviewschedule_list',	'1'),
(3044,	46,	20,	'interviewschedule_add',	'1'),
(3045,	47,	20,	'interviewschedule_edit',	'1'),
(3046,	48,	20,	'interviewschedule_delete',	'1'),
(3047,	49,	20,	'my_employees_list',	'1'),
(3048,	21,	38,	'approve_vendors_list',	'1'),
(3049,	22,	38,	'vendors_add',	'1'),
(3050,	23,	38,	'vendors_edit',	'1'),
(3051,	24,	38,	'vendors_delete',	'1'),
(3052,	25,	38,	'employees_list',	'1'),
(3053,	26,	38,	'employees_add',	'1'),
(3054,	27,	38,	'employees_edit',	'1'),
(3055,	28,	38,	'employees_delete',	'1'),
(3056,	33,	38,	'vendors_employees_details_view',	'1'),
(3057,	41,	38,	'postjob_list',	'1'),
(3058,	42,	38,	'postjob_add',	'1'),
(3059,	43,	38,	'postjob_edit',	'1'),
(3060,	44,	38,	'postjob_delete',	'1'),
(3061,	45,	38,	'interviewschedule_list',	'1'),
(3062,	46,	38,	'interviewschedule_add',	'1'),
(3063,	47,	38,	'interviewschedule_edit',	'1'),
(3064,	48,	38,	'interviewschedule_delete',	'1'),
(3065,	49,	38,	'my_employees_list',	'1'),
(3066,	25,	67,	'employees_list',	'1'),
(3067,	26,	67,	'employees_add',	'1'),
(3068,	27,	67,	'employees_edit',	'1'),
(3069,	28,	67,	'employees_delete',	'1'),
(3070,	33,	67,	'vendors_employees_details_view',	'1'),
(3071,	34,	67,	'',	'1'),
(3072,	35,	67,	'vendors_employees_details',	'1'),
(3073,	36,	67,	'',	'1'),
(3074,	49,	67,	'my_employees_list',	'1'),
(3075,	50,	67,	'my_employees_add',	'1'),
(3076,	51,	67,	'my_employees_edit',	'1'),
(3077,	52,	67,	'my_employees_delete',	'1'),
(3078,	25,	68,	'employees_list',	'1'),
(3079,	26,	68,	'employees_add',	'1'),
(3080,	27,	68,	'employees_edit',	'1'),
(3081,	28,	68,	'employees_delete',	'1'),
(3082,	33,	68,	'vendors_employees_details_view',	'1'),
(3083,	34,	68,	'',	'1'),
(3084,	35,	68,	'vendors_employees_details',	'1'),
(3085,	36,	68,	'',	'1'),
(3086,	49,	68,	'my_employees_list',	'1'),
(3087,	50,	68,	'my_employees_add',	'1'),
(3088,	51,	68,	'my_employees_edit',	'1'),
(3089,	52,	68,	'my_employees_delete',	'1'),
(3090,	25,	69,	'employees_list',	'1'),
(3091,	26,	69,	'employees_add',	'1'),
(3092,	27,	69,	'employees_edit',	'1'),
(3093,	28,	69,	'employees_delete',	'1'),
(3094,	33,	69,	'vendors_employees_details_view',	'1'),
(3095,	34,	69,	'',	'1'),
(3096,	35,	69,	'vendors_employees_details',	'1'),
(3097,	36,	69,	'',	'1'),
(3098,	49,	69,	'my_employees_list',	'1'),
(3099,	50,	69,	'my_employees_add',	'1'),
(3100,	51,	69,	'my_employees_edit',	'1'),
(3101,	52,	69,	'my_employees_delete',	'1'),
(3102,	25,	70,	'employees_list',	'1'),
(3103,	26,	70,	'employees_add',	'1'),
(3104,	27,	70,	'employees_edit',	'1'),
(3105,	28,	70,	'employees_delete',	'1'),
(3106,	33,	70,	'vendors_employees_details_view',	'1'),
(3107,	34,	70,	'',	'1'),
(3108,	35,	70,	'vendors_employees_details',	'1'),
(3109,	36,	70,	'',	'1'),
(3110,	49,	70,	'my_employees_list',	'1'),
(3111,	50,	70,	'my_employees_add',	'1'),
(3112,	51,	70,	'my_employees_edit',	'1'),
(3113,	52,	70,	'my_employees_delete',	'1');

DROP TABLE IF EXISTS `tbl_education`;
CREATE TABLE `tbl_education` (
  `id` int(11) NOT NULL AUTO_INCREMENT,
  `ename` varchar(255) DEFAULT NULL,
  `eimage` text,
  `status` enum('0','1') NOT NULL DEFAULT '1',
  `created_at` datetime NOT NULL DEFAULT CURRENT_TIMESTAMP,
  `updated_at` datetime NOT NULL DEFAULT CURRENT_TIMESTAMP,
  PRIMARY KEY (`id`)
) ENGINE=InnoDB DEFAULT CHARSET=latin1;

INSERT INTO `tbl_education` (`id`, `ename`, `eimage`, `status`, `created_at`, `updated_at`) VALUES
(1,	'Master of computer Application',	NULL,	'1',	'2021-07-13 16:55:06',	'2021-07-13 16:56:09'),
(5,	'B.E.',	NULL,	'1',	'2021-08-16 17:23:59',	'2021-08-16 17:23:59');

DROP TABLE IF EXISTS `tbl_employees`;
CREATE TABLE `tbl_employees` (
  `id` bigint(20) NOT NULL AUTO_INCREMENT,
  `customers_id` bigint(20) DEFAULT NULL,
  `code` text,
  `image` mediumtext,
  `name` varchar(255) DEFAULT NULL,
  `gender` enum('Male','Female') NOT NULL DEFAULT 'Male',
  `email` mediumtext,
  `address` text,
  `mobileno` bigint(20) DEFAULT NULL,
  `alternateno` bigint(20) DEFAULT NULL,
  `about_me` text,
  `linkedin` text,
  `primary_skills` int(11) DEFAULT NULL,
  `designation` varchar(255) DEFAULT NULL,
  `exp_year` int(11) DEFAULT '0',
  `exp_month` int(11) DEFAULT '0',
  `status` enum('0','1') NOT NULL DEFAULT '0',
  `created_at` datetime NOT NULL DEFAULT CURRENT_TIMESTAMP,
  `updated_at` datetime NOT NULL DEFAULT CURRENT_TIMESTAMP,
  PRIMARY KEY (`id`),
  KEY `customers_id` (`customers_id`),
  CONSTRAINT `tbl_employees_ibfk_1` FOREIGN KEY (`customers_id`) REFERENCES `tbl_customers` (`customer_id`) ON DELETE CASCADE ON UPDATE CASCADE
) ENGINE=InnoDB DEFAULT CHARSET=utf8;

INSERT INTO `tbl_employees` (`id`, `customers_id`, `code`, `image`, `name`, `gender`, `email`, `address`, `mobileno`, `alternateno`, `about_me`, `linkedin`, `primary_skills`, `designation`, `exp_year`, `exp_month`, `status`, `created_at`, `updated_at`) VALUES
(7,	3,	'EHEM_67434',	'519271632220502.png',	'KUNJ BHAVESHBHAI SHAH',	'Male',	'shahkunj.61190@gmail.com',	'',	919429025751,	0,	'<ul>\r\n <li>Thank you for taking the time to review my profile.</li>\r\n <li>I have been working as PHP developer since last 5+ years.</li>\r\n <li>Through my education and years of work experience I have developed high levels of CodeIgniter, Laravel and core PHP MVC websites.</li>\r\n <li>I am also very comfortable communicating and writing both professionally and casually in the English language.</li>\r\n <li>I would like to join a company/client that is looking for someone ready to work full time remotely and that has passion for every job/task they are assigned.</li>\r\n <li>I work well with one person, small teams and large teams.</li>\r\n <li>My past employers and colleagues have told me they always appreciated that I was on time and my assignments were complete and done with quality.</li>\r\n <li>They also appreciated my willingness to offer help in anyway.</li>\r\n <li>When I’m not working I enjoy spending time with family and volunteering at a local youth sports program.</li>\r\n <li>My hope is to join a company/client that I can be with for a very long time and become a valued member of the team.</li>\r\n</ul>\r\n',	'https://www.linkedin.com/in/kunj-shah-78a7246a/',	9,	'Sr. Software Engineer',	7,	3,	'1',	'2021-07-19 12:33:40',	'2021-10-01 11:08:49'),
(10,	3,	'EHEM_23510',	'494031627022754.jpg',	'Viral Parikh',	'Male',	'viral@gmail.com',	'Vastrapur, Ahmedabad, Gujarat',	1234567890,	1234567890,	'1234567890',	'',	NULL,	'Developer',	0,	0,	'1',	'2021-07-23 08:45:54',	'2021-07-23 08:45:54'),
(31,	3,	'EHEM_78836',	'',	'Jeel',	'Male',	'Jeel@gmail.com',	'2233 Court Street',	9429506934,	9909996722,	'<p>ity. Now you can buy yourself an actual bag of Soylent and pray that, unlike fictional supplement “Soylent Green” from the </p>\r\n',	'',	NULL,	'Developer',	0,	0,	'1',	'2021-08-13 15:27:24',	'2021-08-13 15:30:31'),
(39,	3,	'EHEM_03904',	'757591629113180.jpg',	'Anuj shah',	'Male',	'anuj@gmail.com',	'',	9429025751,	0,	'<p>Hii</p>\r\n',	'https://www.linkedin.com/in/anuj-shah-a8655-/',	12,	'Developer',	0,	0,	'1',	'2021-08-16 16:56:20',	'2021-10-01 11:18:32'),
(40,	19,	'EHEM_52662',	NULL,	'Ajay Diwakar',	'Male',	'Ajaydiwakar@gmail.com',	'406, Lilamani Corporate Heights, Nr. National Handloom Corporation,\r\nVadaj, Ahmedabad, Gujarat - 380013',	1234567890,	1234567890,	'',	'',	NULL,	'Sr. Laravel Developer',	0,	0,	'1',	'2021-08-20 11:45:56',	'2021-08-20 14:55:52'),
(41,	19,	'EHEM_88104',	NULL,	'Kiran Makwana',	'Male',	'kiranmakwana@gmail.com',	'406, Lilamani Corporate Heights, Nr. National Handloom Corporation,\r\nVadaj, Ahmedabad, Gujarat - 380013',	1234567890,	1234567890,	'',	'',	NULL,	'Sr. Laravel developer',	0,	0,	'1',	'2021-08-20 11:53:18',	'2021-08-20 14:37:55'),
(42,	19,	'EHEM_74712',	NULL,	'Parth Goswami',	'Male',	'parth@gmail.com',	'406, Lilamani Corporate Heights, Nr. National Handloom Corporation,\r\nVadaj, Ahmedabad, Gujarat - 380013',	1234567890,	1234567890,	'',	'',	NULL,	'Sr. Laravel developer',	0,	0,	'1',	'2021-08-20 12:01:39',	'2021-08-20 14:38:20'),
(43,	19,	'EHEM_36029',	NULL,	'Shyam Patel',	'Male',	'shyam@gmail.com',	'406, Lilamani Corporate Heights, Nr. National Handloom Corporation,\r\nVadaj, Ahmedabad, Gujarat - 380013',	1234567890,	1234567890,	'',	'',	NULL,	'Frontend Developer',	0,	0,	'1',	'2021-08-20 12:08:12',	'2021-08-20 14:38:51'),
(44,	18,	'EHEM_78917',	NULL,	'Ajay',	'Male',	'ajay@gmail.com',	'D/903, Ganesh Meridian, Opp Amiraj Farm,\r\nNr. New Gujarat High Court, S G Highway, Ahmedabad 380060,',	9510308620,	9510308620,	'<p>➢ Working as Senior Software Developer for Thinkwik India Online Services LLP from May 2021 to till date.</p>\r\n\r\n<p>➢ 10+ years of IT experience in Design, Development, Testing and Implementation working on J2EE technology.</p>\r\n\r\n<p>➢ Proficient in development of Enterprise application using Java/J2EE, Spring Boot, Spring-MVC, Spring, Spring RESTFUL Webservices, Spring Reactive, Microservices, Hibernate, JPA, Angular, JSP, jQuery, JavaScript, Ajax.</p>\r\n\r\n<p>➢ Good experience in working on Development and Support project and in Onshore and offshore model.</p>\r\n\r\n<p>➢ Demonstrated ability to work both in independent and team-oriented environments with well-developed organizational skills, excellent interpersonal and communication skills also worked with on-shore teams.</p>\r\n',	'',	NULL,	'Senior Software Developer',	0,	0,	'1',	'2021-08-20 12:12:48',	'2021-08-20 12:58:03'),
(45,	19,	'EHEM_89373',	NULL,	'Chintan Dave',	'Male',	'chintandave.nl@gmail.com',	'406, Lilamani Corporate\r\nHeights, Nr. National\r\nHandloom Corporation, Vadaj\r\nAhmedabad, 380013',	9714529564,	9714529564,	'<p>ACHIEVEMENTS</p>\r\n\r\n<p>Awarded as HIDDEN TALENT, Mindinventory (JAN 2015)</p>\r\n\r\n<p>Awarded as RISING STAR DEVELOPER, Mindinventory (DEC 2016)</p>\r\n\r\n<p>Awarded as BEST EMPLOYEE OF THE MONTH, Novus Logics (MARCH 2017)</p>\r\n',	'',	NULL,	'Full stack developer',	0,	0,	'1',	'2021-08-20 12:34:41',	'2021-08-20 14:39:13'),
(46,	18,	'EHEM_54238',	NULL,	'Arpit Brindal',	'Male',	'arpit@gmail.com',	'D/903, Ganesh Meridian, Opp Amiraj Farm,\r\nNr. New Gujarat High Court, S G Highway, Ahmedabad 380060,',	9510308620,	9510308620,	'<p> Expertise includes installing, developing, configuring, and monitoring complex systems, codes and infrastructures. Offering successful career history comprising more than 4 years.</p>\r\n\r\n<p> As a young motivated individual I have always kept learning and exploring new possibilities as my first priority.</p>\r\n\r\n<p> I have always been a self learner and want to be a part of an organization that utilizes my management, technical and innovative skills for mutual growth and success.</p>\r\n\r\n<p>Roles and Responsibilities:</p>\r\n\r\n<p> Collaborated with product and team members to define and develop new product.</p>\r\n\r\n<p> Ensured that objectives were accomplished in accordance with outlined priorities.</p>\r\n\r\n<p> Integrated API&#39;s Razor pay payment gateway, PayPal & Stripe.</p>\r\n',	'',	NULL,	'Full Stack Developer',	0,	0,	'1',	'2021-08-20 12:47:51',	'2021-08-20 12:55:39'),
(47,	19,	'EHEM_30077',	NULL,	'Hardik Patel',	'Male',	'hardikpatel.nl@gmail.com',	'406, Lilamani Corporate Heights, Nr. National Handloom Corporation, Vadaj Ahmedabad, 380013',	9638756554,	9638756554,	'<p>ACHIEVEMENTS</p>\r\n\r\n<p>Certified DBA - GreyCell Labs Inc.</p>\r\n',	'',	NULL,	'Full stack developer',	0,	0,	'1',	'2021-08-20 13:03:39',	'2021-08-20 17:16:00'),
(48,	18,	'EHEM_13590',	NULL,	'Arup',	'Male',	'arup@gmail.com',	'D/903, Ganesh Meridian, Opp Amiraj Farm,\r\nNr. New Gujarat High Court, S G Highway, Ahmedabad 380060,',	9510308620,	9510308620,	'<p>Career Objective:</p>\r\n\r\n<p> Expertise includes installing, developing, configuring, and monitoring complex systems, codes and infrastructures. Offering successful career history comprising more than 3+ years.</p>\r\n\r\n<p> I have always been a self learner and want to be a part of an organization that utilizes my management, technical and innovative skills for mutual growth and success.</p>\r\n\r\n<p> Enthusiastic Angular Developer eager to contribute to team success through hard work, attention to detail and excellent organizational skills with clear understanding of Web Development, React Native, JavaScript and NodeJS.</p>\r\n\r\n<p> Motivated to learn, grow, and excel in IT industry. Developed rich, engaging, and responsive web apps using Angular.</p>\r\n\r\n<p> Coding interactive websites, playing with new tools and libraries, and learning new skills keep me stay at the bleeding edge of technology and explore the latest advances.</p>\r\n\r\n<p> Experienced with both Front end and Back-end Technologies.</p>\r\n\r\n<p>Roles and Responsibilities:</p>\r\n\r\n<p> Developed, Refine and tune integrations between different architectures (mainly ReactJS and React Native).</p>\r\n\r\n<p> Analyze and resolve technical and application problems.</p>\r\n\r\n<p> Adhere to high quality development principles while delivering solutions on time and on budget.</p>\r\n',	'',	NULL,	'Full Stack Developer',	0,	0,	'1',	'2021-08-20 14:31:42',	'2021-08-20 14:31:42'),
(49,	19,	'EHEM_33162',	NULL,	'Safal Patel',	'Male',	'safalpatel.nl@gmail.com',	'406, Lilamani Corporate Heights Nr. National Handloom Corporation Vadaj, Ahmedabad, Gujarat 380013',	9924320445,	9924320445,	'<p>ACHIEVEMENTS</p>\r\n\r\n<p>Awarded as HIDDEN TALENT, Mindinventory (JAN 2015)</p>\r\n',	'',	NULL,	'Full stack developer',	0,	0,	'1',	'2021-08-20 14:32:54',	'2021-08-20 17:14:31'),
(50,	18,	'EHEM_49350',	NULL,	'Chetan',	'Male',	'chetan@gmail.com',	'D/903, Ganesh Meridian, Opp Amiraj Farm,\r\nNr. New Gujarat High Court, S G Highway, Ahmedabad 380060,',	9510308620,	9510308620,	'<p>Career Objective:</p>\r\n\r\n<p>I am an experienced React JS & PHP Web Developer with 7 + years of professional experience working for IT companies. As a long term career goal, I am willing to be a part of a team where I can explore and learn more about Web Back and Front end development. I am sure that with my current skill set and expertise, I will prove myself as an asset to any organization.</p>\r\n\r\n<p> </p>\r\n',	'',	NULL,	'Senior Software Engineer',	0,	0,	'1',	'2021-08-20 15:18:01',	'2021-08-20 15:18:01'),
(51,	18,	'EHEM_26693',	NULL,	'Jayesh K',	'Male',	'jayesh@gmail.com',	'D/903, Ganesh Meridian, Opp Amiraj Farm,\r\nNr. New Gujarat High Court, S G Highway, Ahmedabad 380060,',	9510308620,	9510308620,	'<p>PERSONAL SUMMARY</p>\r\n\r\n<p>4+ years of experience in frontend, backend, database, development, configuration and testing in the entire stage of Application Development life cycle and System Architecture.</p>\r\n\r\n<p>CERTIFICATIONS</p>\r\n\r\n<p> Web development Course from Udemy</p>\r\n\r\n<p> SQL Server Course from Udemy</p>\r\n\r\n<p> React Testing and Debugging from LinkedIn Learning</p>\r\n',	'',	NULL,	'React Developer',	0,	0,	'1',	'2021-08-20 16:11:43',	'2021-08-20 16:11:43'),
(52,	18,	'EHEM_44258',	NULL,	'Krunal P.',	'Male',	'hello@thinkwik.com',	'D/903, Ganesh Meridian, Opp Amiraj Farm,\r\nNr. New Gujarat High Court, S G Highway, Ahmedabad 380060,',	7486900681,	7486900681,	'<p>> 4+ years of experience in working in web technologies. Wide experience in frontend part. I am an enthusiastic, self-motivated, reliable, responsible and hardworking person. I am able to work well under pressure and adhere to strict deadlines.</p>\r\n',	'',	NULL,	'Web Developer',	0,	0,	'1',	'2021-08-20 16:33:59',	'2021-08-24 17:40:13'),
(53,	18,	'EHEM_55955',	NULL,	'VASIM  DALPAUTRA',	'Male',	'vasim@gmail.com',	'406, Lilamani Corporate Heights, Nr. National Handloom Corporation,\r\nVadaj, Ahmedabad, Gujarat - 380013',	1234567890,	1234567890,	'<p>I’M Vasim and i have 2 years of experience as an Android developer and 3 years of experience as a React Native Developer.</p>\r\n\r\n<p>As an Android developer, I developed native android applications and frameworks using Kotlin and Java.Collaborated with designers, engineers, and product managers to build great experiences.</p>\r\n\r\n<p>As an React Native developer, Experience in Cross-Platform Mobile Development using React Native + Type Script based mobile app.</p>\r\n\r\n<p>Created Reusable react presentation and container components. Extensive experience in Web and Mobile apps development.</p>\r\n\r\n<p>Responsive UI development by using React Js +Redux, React native + Redux, Phonegap, IONIC framework, ANGULAR 2+,HTML5, CSS3, BOOTSTRAP, API Service integration, SQLite, Firebase, JSON parsing, Using web Service.</p>\r\n\r\n<p>Highly Curious about new front-end development technologies and thoroughly mastering them with a keen awareness of new industry developments and the evolution of programming solutions.</p>\r\n',	'',	NULL,	'front-end development',	0,	0,	'1',	'2021-08-20 16:36:55',	'2021-08-20 16:36:55'),
(54,	18,	'EHEM_27334',	NULL,	'Sahil',	'Male',	'sahil@gmail.com',	'406, Lilamani Corporate Heights, Nr. National Handloom Corporation,\r\nVadaj, Ahmedabad, Gujarat - 380013',	1234567890,	1234567890,	'<p>Profile Summary</p>\r\n\r\n<p> Working as a Team lead in Thinkwik.</p>\r\n\r\n<p> Extensive experience of more than 7+ years on Java/J2EE with</p>\r\n\r\n<p> Struts 2 Platform, Hibernate and Spring.</p>\r\n\r\n<p> Worked on Java/J2EE, Spring, Struts2 + hibernate development and integration projects.</p>\r\n\r\n<p> Involved in complete Life Cycle including Analysis, Design, Development, Testing and Database designing.</p>\r\n\r\n<p> Worked extensively with Core Java ,JavaScript , J-Query ,Ajax ,JSP,Semantic-UI,Struts2,Hibernate 4.3.</p>\r\n\r\n<p> Developed modules of the Website in struts2 + hibernate 4.3, and involved in writing java action classes ,pojos,designing jsp’s.</p>\r\n\r\n<p> Extensive knowledge of Jquery/JavaScript, Ajax and Partial page updates using Ajax, HTML, CSS.</p>\r\n\r\n<p> Extensive knowledge in designing Jsp’susing Sementic-Ui API.</p>\r\n\r\n<p> Worked with SQL Server 2007 Database.</p>\r\n\r\n<p> Excellent bugs finding and bug fixing skills with ability to perform under pressure & meet deadlines.</p>\r\n',	'',	NULL,	'Developer',	0,	0,	'1',	'2021-08-20 16:55:47',	'2021-08-20 16:55:47'),
(55,	18,	'EHEM_69187',	NULL,	'Nikit B.',	'Male',	'hello@thinkwik.com',	'D/903, Ganesh Meridian, Opp Amiraj Farm,\r\nNr. New Gujarat High Court, S G Highway, Ahmedabad 380060,',	7486900681,	7486900681,	'<p>I have developed many responsive web designs and cross platform applications. I have used frameworks like Twitter Bootstrap, Foundation, MaterialCSS, etc... I have used Ionic to develop cross platform applications. I have also used fontawesome, material icons, flaticon, etc... for web icons.</p>\r\n\r\n<p> </p>\r\n',	'',	NULL,	'Senior Web Designer',	0,	0,	'1',	'2021-08-20 16:59:47',	'2021-08-24 17:40:55'),
(56,	18,	'EHEM_07740',	NULL,	'Vishnu',	'Male',	'vishnu@gmail.com',	'406, Lilamani Corporate Heights, Nr. National Handloom Corporation,\r\nVadaj, Ahmedabad, Gujarat - 380013',	1234567890,	1234567890,	'<p>Professional Summary</p>\r\n\r\n<p>● Excellent in DS and Algo problems solving skill.</p>\r\n\r\n<p>● Experience in Software Application development and maintenance.</p>\r\n\r\n<p>● Experience in Web Application development.</p>\r\n\r\n<p>● Ability of effectively prioritize, to provide novel solutions and approaches</p>\r\n\r\n<p>Achievements</p>\r\n\r\n<p>● Received awards, won competitions (Coding round), achieved high grades in studies, volunteering, participating in sporting events, etc.</p>\r\n\r\n<p>● Received awards, won competitions, achieved high grades in studies, volunteering, participating in sporting events, etc</p>\r\n',	'',	NULL,	'Developer',	0,	0,	'1',	'2021-08-20 17:06:42',	'2021-08-20 17:06:42'),
(57,	18,	'EHEM_15976',	NULL,	'Ritwik',	'Male',	'ritwik@gmail.com',	'D/903, Ganesh Meridian, Opp Amiraj Farm,\r\nNr. New Gujarat High Court, S G Highway, Ahmedabad 380060,',	9510308620,	9510308620,	'<p> Expertise includes installing, developing, configuring,and monitoring complex systems, codes and infrastructure.Offering successful career history comprising more than 3 years.</p>\r\n\r\n<p> I have always been a self learner and want to be a part of an organization that utilizes my management,technical and innovative skills for mutual growth and success.</p>\r\n\r\n<p> Enthusiastic Angular Developer eager to contribute to team success through hard work, attention to detail and excellent organizational skills with clear understanding of Angular, JavaScript and NodeJS.</p>\r\n\r\n<p> Motivated to learn, grow, and excel in IT industry. Developed rich, engaging, and responsive web apps usingAngular.</p>\r\n\r\n<p> Coding interactive websites, playing with new tools and libraries, and learning new skills keep me stay at the bleeding edge of technology and explore the latest advances.</p>\r\n',	'',	NULL,	'Front-End Developer',	0,	0,	'1',	'2021-08-20 17:14:26',	'2021-08-20 17:17:44'),
(58,	18,	'EHEM_52703',	NULL,	'Shantanu Kumar',	'Male',	'shantanu@gmail.com',	'',	9510308620,	0,	'<p>> Expertise includes installing, developing, configuring, and monitoring complex systems, codes and infrastructures. Offering successful career history comprising more than 4+ years.</p>\r\n\r\n<p> I have always been a self learner and want to be a part of an organization that utilizes my management, technical and innovative skills for mutual growth and success.</p>\r\n\r\n<p> Enthusiastic Angular Developer eager to contribute to team success through hard work, attention to detail and excellent organizational skills with clear understanding of Android Development, React Native, Node Js, React Native, Angular, JavaScript and NodeJS.</p>\r\n\r\n<p> Motivated to learn, grow, and excel in IT industry. Developed rich, engaging, and responsive web apps using Angular.</p>\r\n\r\n<p> Coding interactive websites, playing with new tools and libraries, and learning new skills keep me stay at the bleeding edge of technology and explore the latest advances.</p>\r\n\r\n<p> Experienced with both Front end and Back-end Technologies.</p>\r\n',	'',	NULL,	'Full Stack Developer',	0,	0,	'1',	'2021-08-20 17:31:21',	'2021-09-03 10:24:19'),
(61,	24,	'EHEM_43073',	NULL,	'Keshvi',	'Female',	'keshvi@gmail.com',	'',	9662986189,	0,	'<p>I am a good learner.I want to explore my skills and abilities.</p>\r\n',	'',	NULL,	'Web developer',	2,	2,	'1',	'2021-08-25 16:17:13',	'2021-08-26 11:29:26'),
(62,	29,	'EHEM_88930',	NULL,	'Dhaval B',	'Male',	'info@drcsystems.com',	'',	7967772222,	0,	'<p>Key Technical skills</p>\r\n\r\n<p>Java, J2EE, Spring, Spring Boot with microservices, Jersey, Hibernate, Kie Drool, JDBC, Kafka, Redis, MySQL, Tomcat, Jboss EAP Server, Angular8</p>\r\n\r\n<p>Related open source library knowledge</p>\r\n\r\n<p><strong>Apache HTTP components, Jose4J for JWT token, Scribe Java for oAuth2 authentication, log4j2</strong></p>\r\n',	'',	5,	'Sr. Software Engineer',	6,	0,	'1',	'2021-08-26 18:39:37',	'2021-09-10 10:09:52'),
(63,	3,	'EHEM_08179',	NULL,	'Roop Dubey',	'Male',	'abhishek.mulani@infiraise.com',	'',	8153931639,	0,	'',	'',	NULL,	'Software Developer',	4,	0,	'1',	'2021-09-06 11:15:37',	'2021-09-06 17:43:33'),
(64,	3,	'EHEM_79289',	NULL,	'Samyak',	'Male',	'',	'',	0,	0,	'asdsad',	'https://www.linkedin.com/feed/',	32,	'Developer',	6,	10,	'1',	'2021-09-08 13:56:45',	'2021-09-08 13:56:45'),
(65,	46,	'EHEM_99209',	'514911631102300.png',	'Viramgami Satish',	'Male',	'',	'',	0,	0,	'Career Objectives:- Having 6 years of experience in working with the .NET frameworks and exploring my skills. To make maximum use of my strength and ability for the growth of the organization and improving my own technical skills. To find an occasion working with professionals generating power and learn of new generation technologies available in the country. \r\n\r\nTechnical Skills:- C, C++, Asp.net with C#, Linq With Entity Framework, SQL Server, Windows and Web Service, OCR analysis with image processing, Web API with Asp.net core, MVC, Firebase Messages.\r\n\r\nHobbies:- Playing cricket, Listening to Music.\r\n\r\nArea of Interests:- Interested in project based on Management, Learning New Technology.\r\n\r\nStrengths:- I am Sincere and hardworking, I have an Analytical & practical approach to various problems. Self-confidence, a Positive attitude, Innovative thinking are the added advantage to my sound technical knowledge.',	'https://www.linkedin.com/in/viramgamisatish/',	12,	'Software Engineer',	6,	0,	'1',	'2021-09-08 14:51:39',	'2021-09-08 17:28:20'),
(66,	46,	'EHEM_52625',	NULL,	'Siddharth S',	'Male',	'',	'',	0,	0,	'Application Technology:- Asp.net, C#, ADO.Net, Web Services, WCF, MVC 4/5, MVVM, Entity Framework, Web Form, Win Form, Web Services, Windows Services, XAML, HTML5, CSS3, Bootstrap, JavaScript, Jquery, Typescript, AJAX, Bootstrap 2/3/4, Angularjs, Angular 5-9.\r\n\r\nDatabase:-  SQL Server, MySql.\r\n\r\nOperating Systems:- Windows XP, 7, 8.1, 10. \r\n\r\nIDE & Tools:- MS Visual Studio 2010/13/15/19, MS SQL Server 20008, 12/14 SVN, TFS, Git.\r\n\r\nPersonal Skills:- Comprehensive problem-solving abilities. Good communication skills, strong presentation, and analytical skills. Ability to deal with people diplomatically.',	'',	12,	'Software Developer',	7,	0,	'1',	'2021-09-08 18:01:12',	'2021-09-08 18:01:12'),
(67,	46,	'EHEM_09543',	NULL,	'Krisha Patel',	'Female',	'',	'',	0,	0,	'Professional Summary:- 6 years of experience in ASP.Net Development with Azure. Good knowledge and experience in C# .Net, .Net MVC, Core, Blazor, ASP.NET ZERO Azure, Angular CLI, SQL, and MYSQL Server, ReactJs, NodeJs, Mongo, Ajax, WPF, Web Services, D3 JS(Mainly used for showing statistics data like infographics, demographics or animation). Experienced in Azure cloud-based like Azure function, app services, APIM, Etc. Good Hands-on WEB API using .Net, Vb.Net, WCF. Excellent code reviews and code debugging skills. Experience in writing database objects (Stored Procedures and Functions). Strong experience in writing SQL queries. Strong experience in Azure development. Experience in reports development using crystal report. \r\n\r\nExpertise Area/ Area(s) of interest:- .Net development, Azure Development.\r\n\r\nWeb Technologies:- ASP .NET, .Net MVC, .Net CORE, Blazor, .Net ZERO, Angular1-9, HTML, CSS, Ajax, JQuery, JavaScript,Java, Advanced Java (including JSTL, JDBC, Hibernate) \r\n\r\nLanguages:- C, C++, C#, SQL, Azure, Java.\r\n\r\nTools and Technologies:- Microsoft Visual Studio, Net Beans, Eclipse, Turbo C/C++, MS VISIO. SQL Server Management Studio, My SQL, AWS, Azure, Workbench, Mongo.\r\n\r\nOperating Systems: Windows 7-8-10.\r\n',	'',	12,	'Software Developer',	6,	0,	'1',	'2021-09-08 18:15:14',	'2021-09-08 18:15:14'),
(68,	46,	'EHEM_37508',	NULL,	'Kanaiya Dhodakiya',	'Male',	'',	'',	0,	0,	'Professional Summary:- 6 years of experience in ASP.Net Development with Azure. Good knowledge and experience in C# .Net, .Net MVC, Core, Azure, Angular CLI, React, SQL and MYSQL Server, Ajax, WPF, Web Services, etc. Excellent code reviews and code debugging skills. Experience in writing database objects (Stored Procedures and Functions). Strong experience in writing SQL queries. Strong experience in Azure development. Experience in reports development using crystal report.\r\n\r\nExpertise Area:- .Net developer, Azure Developer.\r\n\r\nWeb Technologies:- ASP .NET, .Net MVC, .Net CORE, Angular JS 1-9, React, HTML, CSS, Ajax, JQuery, JavaScript, Core, Java, Advanced Java (including JSTL, JDBC, Hibernate, MVC).\r\n\r\nLanguages:- C, C++, C#, SQL, Azure, Java. \r\n\r\nTools and Technologies:- Application/Web Tools: Microsoft Visual Studio, NetBeans, Eclipse, Turbo C/C++, MS VISIO.\r\n\r\nDatabase Tools:- SQL Server Management Studio, My SQL Workbench, Mongo.\r\n\r\nOperating Systems:- Windows, Linux.\r\n',	'',	12,	'Software Developer',	6,	0,	'1',	'2021-09-08 18:35:46',	'2021-09-08 18:35:46'),
(69,	50,	'EHEM_27297',	NULL,	'Hely Rathod',	'Female',	'',	'',	0,	0,	'Around 2.5 years of experience in design and develop solutions for clients in java based frameworks and involved in the development of the web application with agile methodology. Ability to work at onsite business modal. \r\n\r\nTechnical Expertise:- Working experience as full stack developer with Spring boot integration with Angular. Working experience in development using JavaScript, JQuery, and CSS. Take task ownership with shifting technologies. Hands-on experience in building of spring boot REST API architecture. Hands-on experience of Java8.\r\n\r\nWeb Technology/Framework:- Java8/J2EE, Spring boot, Angular 2+. \r\n\r\nWeb Scripting Technology:- HTML, CSS, JavaScript, JQuery, Typescript. \r\n\r\nDatabase:- MySQL. \r\n\r\nIDE:- Eclipse, STS, Visual Studio Code, Postman. \r\n\r\nWeb server:- Apache Tomcat. \r\n',	'https://www.linkedin.com/in/hely-rathod-01b750204/',	11,	'Java Developer',	2,	6,	'1',	'2021-09-09 14:34:01',	'2021-09-09 14:37:00'),
(70,	50,	'EHEM_96392',	NULL,	'Hardik Thakkar',	'Male',	'',	'',	0,	0,	'Summary:- Development Experience in Java, J2EE, APS, ACS, Spring boot, and MYSQL. Programming abilities in Client-Server based web application using Java, APS, ACS, and Spring boot. Experience in using IDEs like Eclipse, STS - Spring Tool Suit, visual studio code Editor and Build automation tools like Maven.\r\n\r\nLanguages/Frameworks:- Java,APS,ACS,Spring Boot. \r\n\r\nClient Side Technologies:- Typescript, Javascript, HTML, CSS. \r\n\r\nRDBMS/Query Language:- MySQL. \r\n\r\nSource Control/Build:- Maven, Git. \r\n\r\nWeb/App Server:- Tomcat. ',	'https://www.linkedin.com/in/hardik-thakkar-0095a4162/',	11,	'Java Developer',	2,	0,	'1',	'2021-09-09 14:57:10',	'2021-09-12 19:04:21'),
(71,	42,	'EHEM_39123',	NULL,	'Swayam Siddha Senapati',	'Male',	'',	'',	9337627789,	0,	'<p> A multi-faceted professional offering 4+ years of expertise in Development and maintenance.  Involved in implementation of new business logic and followed Agile Methodologies.  Skills in comprehension of the customer requirement and understanding the design requirements.</p>\r\n',	'',	5,	'Java Developer',	4,	8,	'1',	'2021-09-17 15:38:06',	'2021-09-20 10:14:14'),
(73,	42,	'EHEM_51204',	NULL,	'Nisha MAkwana',	'Female',	'',	'',	9098762032,	0,	'<p>● Overall have 4+ years of experience Result-oriented Professional with 2+ years of experience in development of Enterprise Web Applications using Java and J2EE technologies. ● Experienced in Analytical Capabilities and programming skills in J2EE development – Core Java, Spring Boot,Spring JPA,Spring Security,Spring Cloud,GraphQL and Restful Webservices . • Experience in J2EE Technologies with good understanding of MVC. • Experience in Microservices with SpringBoot. • Experience in building APIs using GraphQL and Restful Webservices. • Good Exposure in best practices in Object Oriented Programming. • Experience working in an Agile development environment • Expertise in writing and analyzing SQL queries and No SQL queries. ● Have flexibility and ability to learn and use recent technologies and also to work in a team environment as well as independently to get things done ● An effective communicator with excellent relationship building & interpersonal skills. Strong analytical, problem solving & organizational abilities. ● Skilled in contributing to the design, development and debugging of the software.</p>\r\n',	'',	5,	'Java Developer',	4,	4,	'1',	'2021-09-17 18:20:22',	'2021-09-20 10:14:23'),
(74,	42,	'EHEM_56622',	NULL,	'Vinay pandey',	'Male',	'',	'',	8860683257,	0,	'<p>I want to grow my career in good environment where can prove myself and developing my technical skills in organization’s goals and objectives</p>\r\n',	'',	14,	'Java Developer',	5,	0,	'1',	'2021-09-17 18:51:23',	'2021-09-20 10:14:01'),
(75,	42,	'EHEM_01598',	NULL,	'Poonam Rajmane',	'Female',	'',	'',	7887535956,	0,	'<p>I am a software Developer professional with strong experience in the area of Development with Java , worked on several development projects for leading service provider organizations. My technology expertise of more around 5 years includes core Java and advanced java. I have developed Web Applications. I completed Bachelors in Electronics and Tele-Communication Engineering from University of Pune, India, also completed Post Graduation Diploma in CDAC and also hold Oracle OCJP certification. I am looking for challenging opportunity in Development with Java</p>\r\n',	'',	14,	'Java Developer',	5,	10,	'1',	'2021-09-17 18:56:06',	'2021-09-20 13:37:49'),
(78,	42,	'EHEM_39621',	NULL,	'Prasad Patil',	'Male',	'',	'',	8652715626,	0,	'<p>• 4.4 Years of Software Development experience in Web based application using .Net MVC, .NET Core MVC, C#.Net, Web API, SQL Server, Entity Framework, jQuery, Bootstrap, CSS, Angular. • Proficient in Requirement Analysis, Application design and development, Error debugging and Mapping the Business Process requirement with .Net Applications. • Knowledge of complete end-to-end project development, and maintenance. • Well versed with Agile Methodology & all stages of SDLC. • Worked with version control tools like Azure DevOps and Team Foundation Server (TFS). • Excellent communication skills and ability to work efficiently in independent and collaborative teams. • Maintaining project roles, providing customer satisfaction, and ensuring quality of projects.</p>\r\n',	'',	14,	'Associate Consultant',	4,	4,	'1',	'2021-09-21 23:33:59',	'2021-09-23 11:42:43'),
(79,	42,	'EHEM_43396',	NULL,	'Rajkiran Keer',	'Female',	'',	'',	9664372421,	0,	'<p>• Around 4.5 + years of total experience into analysis, design, development of software applications using C#, JavaScript, jQuery, Angular JS, ASP.NET MVC, Web API,Sql Server. • Experience involves development of N-Tier, N Layered Architecture based applications. Microsoft .NET frameworks used includes (4.6,4.5.4.0) • Designed applications with utmost adherence to OOPS concepts using design patterns. • Hands on experience in C# (Object-Oriented programming concepts),Asp.Net MVC, Web API, Windows Service,Console Applications and Creating SQL Jobs. • Involved in complete Software Development Life Cycle (SDLC) along with Requirement gathering, Analysis, Database design, Application Development coding, Debugging, Unit testing, Bugs fixing. • Experience with Microsoft Visual Studio, Internet Information Services (IIS) and basic Website deployment • Previous experience installing and executing applications on Windows 7 and higher OS and Security Vulnerabilities fixing. • Work closely with the Project Manger & Team Leader for understanding the functional and system requirement • Handled/Resolved many production issues, defects and enhancement where I help the team to fix defects,and issues raised by tester and end user • Reliable, resourceful and efficient team player, able to adapt quickly to new requirements and challenges. • Skilled in testing software, efficiently handling and delivering project on time. • Positive attitude towards learning new technologies. • Basic knowledge about Angular,.Net Core API,Azure.</p>\r\n',	'',	5,	'Developer',	4,	8,	'1',	'2021-09-21 23:39:51',	'2021-11-01 19:09:01');

DROP TABLE IF EXISTS `tbl_employees_company`;
CREATE TABLE `tbl_employees_company` (
  `id` bigint(20) NOT NULL AUTO_INCREMENT,
  `customers_id` bigint(20) DEFAULT NULL,
  `employee_id` bigint(20) DEFAULT NULL,
  `company_name` text,
  `exprience_year` text,
  `job_position` text,
  `job_location` text,
  `job_role` text,
  `created_at` datetime NOT NULL DEFAULT CURRENT_TIMESTAMP,
  `updated_at` datetime NOT NULL DEFAULT CURRENT_TIMESTAMP ON UPDATE CURRENT_TIMESTAMP,
  PRIMARY KEY (`id`),
  KEY `customers_id` (`customers_id`),
  KEY `employee_id` (`employee_id`),
  CONSTRAINT `tbl_employees_company_ibfk_1` FOREIGN KEY (`customers_id`) REFERENCES `tbl_customers` (`customer_id`) ON DELETE CASCADE ON UPDATE CASCADE,
  CONSTRAINT `tbl_employees_company_ibfk_2` FOREIGN KEY (`employee_id`) REFERENCES `tbl_employees` (`id`) ON DELETE CASCADE ON UPDATE CASCADE
) ENGINE=InnoDB DEFAULT CHARSET=utf8;

INSERT INTO `tbl_employees_company` (`id`, `customers_id`, `employee_id`, `company_name`, `exprience_year`, `job_position`, `job_location`, `job_role`, `created_at`, `updated_at`) VALUES
(57,	3,	10,	'2',	'2',	'2',	'2',	NULL,	'2021-07-23 08:45:54',	'2021-07-23 08:45:54'),
(132,	3,	31,	'Initech',	'2',	'Developer',	'Ahmedabad',	'',	'2021-08-13 15:30:31',	'2021-08-13 15:30:31'),
(185,	18,	46,	'Thinkwik India Online Services LLP',	'4+ years',	'Full Stack Developer',	'Ahmedabad',	'Full-Stack Developer',	'2021-08-20 12:55:39',	'2021-08-20 12:55:39'),
(186,	18,	44,	'Trigyn Technologies Limited',	'1 year 5 months',	' Software Engineer',	'Mumbai',	' Software Engineer',	'2021-08-20 12:58:03',	'2021-08-20 12:58:03'),
(187,	18,	44,	' iGATE',	'11months',	' Senior Software Engineer',	'Mumbai',	' Senior Software Engineer',	'2021-08-20 12:58:03',	'2021-08-20 12:58:03'),
(188,	18,	44,	' Diaspark',	'2years',	'Software Engineer',	'Indore',	'Software Engineer',	'2021-08-20 12:58:03',	'2021-08-20 12:58:03'),
(189,	18,	44,	' Yash technologies',	'1 year 6 months',	' Senior Software Engineer',	'Indore',	' Senior Software Engineer',	'2021-08-20 12:58:03',	'2021-08-20 12:58:03'),
(190,	18,	44,	'Aartek software solutions Pvt Ltd.',	'3 years',	' Project Lead',	'Indore',	' Project Lead',	'2021-08-20 12:58:03',	'2021-08-20 12:58:03'),
(191,	18,	44,	' FissionSoft Technologies Pvt Ltd.',	'5 months',	'Senior Module Lead',	'Indore',	'Senior Module Lead',	'2021-08-20 12:58:03',	'2021-08-20 12:58:03'),
(192,	18,	44,	' Serosoft Solutions Pvt Ltd.',	'1 year 5 months',	'Senior Module Lead',	'Indore',	'Senior Module Lead',	'2021-08-20 12:58:03',	'2021-08-20 12:58:03'),
(193,	18,	44,	' Thinkwik India Online Services LLP',	'3 months+',	'Senior Software Developer',	'Ahmedabad',	'Senior Software Developer',	'2021-08-20 12:58:03',	'2021-08-20 12:58:03'),
(198,	18,	48,	'Thinkwik LLP',	'3+ years',	'Full Stack Developer',	'Ahmedabad',	'Full-Stack Developer',	'2021-08-20 14:31:42',	'2021-08-20 14:31:42'),
(208,	19,	41,	'Novus Logics',	'3+',	'Sr. Laravel developer',	'Ahmedabad',	'Sr. Laravel developer',	'2021-08-20 14:37:55',	'2021-08-20 14:37:55'),
(209,	19,	42,	'Novus Logics',	'3+',	'Sr. Laravel developer',	'Ahmedabad',	'Sr. Laravel developer',	'2021-08-20 14:38:20',	'2021-08-20 14:38:20'),
(210,	19,	43,	'Novus Logics',	'3+',	'Frontend Developer',	'Ahmedabad',	'Frontend Developer',	'2021-08-20 14:38:51',	'2021-08-20 14:38:51'),
(211,	19,	45,	'Meditab',	'9 months',	'Trainee',	'Ahmedabad',	'I have participated as a trainee developer at Meditab and was undergo with PHP industrial training for 9 months.',	'2021-08-20 14:39:13',	'2021-08-20 14:39:13'),
(212,	19,	45,	'Mindinventory',	'3.4',	'PHP developer',	'Ahmedabad',	'I have 3.4 years of experience in PHP development and participated in 50+\r\nprojects and have accomplished it with full client satisfaction.\r\n',	'2021-08-20 14:39:13',	'2021-08-20 14:39:13'),
(213,	19,	45,	'Novus Logics',	'4+',	'Full stack Developer',	'Ahmedabad',	'I am working as a Full Stack developer at Novus Logics',	'2021-08-20 14:39:13',	'2021-08-20 14:39:13'),
(221,	19,	40,	'Webtechso',	'3',	'Backend Developer',	' Jodhpur, Rajasthan ',	'Backend Developer',	'2021-08-20 14:55:52',	'2021-08-20 14:55:52'),
(222,	19,	40,	'AppVoxel Technologies Pvt Ltd',	'3',	'Backend Developer',	' Jodhpur, Rajasthan ',	'Backend Developer',	'2021-08-20 14:55:52',	'2021-08-20 14:55:52'),
(223,	19,	40,	'Novus Logics',	'1+',	' Sr. Laravel Developer',	'Ahmedabad',	' Sr. Laravel Developer',	'2021-08-20 14:55:52',	'2021-08-20 14:55:52'),
(224,	18,	50,	'In-Solutions Global Ltd. ',	'3 years',	' Software Engineer',	'Goregaon (East), Mumbai, Maharashtra, India',	'Software Engineer',	'2021-08-20 15:18:01',	'2021-08-20 15:18:01'),
(225,	18,	50,	'47 Billion Information Technologies Pvt. Ltd.',	'1+ year',	'Software Engineer',	' Indore, India',	'Software Engineer',	'2021-08-20 15:18:01',	'2021-08-20 15:18:01'),
(226,	18,	50,	'FXBTYES Technologies Pvt. Ltd',	'2+ year',	'React JS Developer',	' Indore, India',	'React JS Developer',	'2021-08-20 15:18:01',	'2021-08-20 15:18:01'),
(227,	18,	50,	'Thinkwik India Online Services LLP',	'2+ months',	'Senior Software Engineer',	'Ahmedabad',	'Senior Software Engineer',	'2021-08-20 15:18:01',	'2021-08-20 15:18:01'),
(228,	18,	51,	'Thinkwik India Online Services LLP',	'2+ continue',	'React Developer',	'Ahmedabad',	' Worked with Redux architecture using complex Object-Oriented concepts in improving the\r\nperformance of the website.\r\n Experience with creating interactive UI’s using One-way data-flow, Virtual DOM, JSX\r\nconcepts\r\n Monitoring user interactions and translating them into clear insights\r\n Optimizing app components and improving the product’s performance\r\n Development of client side validation techniques using Javascript\r\n Workedwith Jest and Enzyme unit testing the components',	'2021-08-20 16:11:43',	'2021-08-20 16:11:43'),
(229,	18,	51,	'Cayzen Technologies',	'1 year',	'React Developer',	'',	' Involved in working with entire development cycle (analysis, design, code and web services).\r\n Developed efficient and maintainable web applications according to the business objectives\r\nand needs of the company’s various clients.\r\n Studied, evaluated and proposed solutions to the complex architectural challenges for the\r\npurpose of introducing new features.\r\n Integrated web based solutions using a variety of languages, frameworks andplatforms\r\nsuch as .NET Core, React, SQL, MongoDb and various other UI libraries.\r\n Conductedendtoendtestingandunit testingtoensureperformance,qualityand\r\nfunctionality of an applications.\r\n Worked on Telerik reporting platform to provide reporting based services to users.\r\n Working knowledge of DevOps, GIT, TFS, Azure, use of various Open Source and third party\r\nsolutions\r\n Worked on ReactJS and ReactTS components, Forms, Hooks, Events, Keys, Router and\r\nRedux concept.\r\n Developed the React container and presentational components (as Stateless OR Functional\r\ncomponents)\r\n Used UI libraries like Materialize, RMWC to implement responsive design for web application,\r\nwith the help of CSS Media Queries to maintain larger style sheet.\r\n Involved in Coding, styling, testing of reusable JavaScript, TypeScript, CSS and HTML\r\nwidgets/libraries for complete UI controls\r\n Environment: Visual Studio 2019, Asp .Net Core, Asp .Net EF, Web API, C#, SQL Server 2019,\r\nMongoDb Atlas, ReactJS, ReactTS, Unit testing : NUnit, Jest, Enzyme, React testing library\r\n',	'2021-08-20 16:11:43',	'2021-08-20 16:11:43'),
(230,	18,	51,	' INTERTEC Systems LLC',	'1 year 11 months',	'Full Stack Developer',	'',	'August 2016 – July 2018\r\n Responsible for developing application using Web API, ASP.NET, MVC 5.0 and C#.\r\n Designing and developing various abstract classes, interfaces, classes using object oriented\r\nprinciples to construct the business logic and Data access layer using C#.\r\n Created Views, Controllers and Models using ASP.NET, MVC 5, C# within Visual Studio2017.\r\n Responsible in developing Stored Procedures, Views, Indexes, Scripts for database\r\ntransactions using SQL Server 2014.\r\n Designed front end using Bootstrap, HTML, CSS, JQuery, Javascript and AngularJS.\r\n Used dependency injection pattern to reduce the dependency coupling between classes and\r\nin front end using AngularJS.\r\n Implemented ReactJS code to handle cross browser compatibility issues in Mozilla, IE.\r\n Implemented various screens for the frontend using ReactJS and used various predefined\r\ncomponents from NPM and redux library.\r\n Worked closely with back-end team to display data using custom components, library\r\ncomponents and Redux.\r\n Environment : Visual Studio 2017, MVC 5, Web API, SQL Server 2014, C#, Entity Framework\r\n6.0, ReactJS, ASP.NET, IIS',	'2021-08-20 16:11:43',	'2021-08-20 16:11:43'),
(232,	18,	53,	'Randstad',	'2',	'Android Developer',	' Banglore',	'As an Android developer, I developed native\r\nandroid applications and frameworks using\r\nKotlin and Java.Collaborated with designers,\r\nengineers, and product managers to build\r\ngreat experiences.',	'2021-08-20 16:36:55',	'2021-08-20 16:36:55'),
(233,	18,	53,	'Metafic',	'3',	' React Native Developer',	' Banglore',	'As an React Native developer, Experience in Cross-Platform Mobile Development using\r\nReact Native + Type Script based mobile app.',	'2021-08-20 16:36:55',	'2021-08-20 16:36:55'),
(234,	18,	54,	'Thinkwik India Online Services LLP ',	'1 year to present',	'Developer',	'Ahmedabad',	'Technically leading different modules as well as development.\r\nWorking closely with client and management.\r\n',	'2021-08-20 16:55:47',	'2021-08-20 16:55:47'),
(235,	18,	54,	'Fujitsu Consulting India Ltd',	'3',	'Developer',	'Pune',	'Technically leading different modules as well as development.\r\n Working closely with client and management.\r\n Gathering information from client and implementing.\r\n Taking requirements from client on daily basis.\r\n Having excellent experience in implementing new technologies and \r\nbug solving.\r\n Designing documents and architecting according to client \r\nrequirements.\r\n Writing buisness logic as per requirements.\r\n Communicating with client regarding technical requirements.\r\n Working closely with upper management.\r\n',	'2021-08-20 16:55:47',	'2021-08-20 16:55:47'),
(236,	18,	54,	'Unikaihatsu Software Pvt. Ltd ',	'3',	'Developer',	' Indore',	' Architecting and Designing a solution according to \r\nBusiness Requirements and platform specific technical \r\nbest practices.\r\n Understanding requirements and plan accordingly to \r\nprovide optimum solution’s.\r\n Complete Application Life cycle for Java/J2EE Projects.\r\n Design and develop high volume, low latency \r\napplicationsfor mission critical systems, delivering high \r\navailability and performance.\r\nKey Skills \r\nand \r\nKnowledge\r\nJ2EE\r\nCore Java \r\nStruts2 \r\nHibernate 4.3 \r\nServlet\r\nJSP \r\nJDB\r\nC\r\nSpring \r\nBoot \r\nSpring \r\nMVC\r\nOther Skills\r\nMySQL\r\nAjax \r\nJavaScri\r\npt JQuery \r\nHTML \r\nCSS\r\nSementic-UI\r\nServer\r\nTomcat 7.0\r\nTools \r\nEclipse IDE \r\nSVN\r\nSqlYog\r\n Continuously deliver high quality software to agreed timescales.\r\n Contribute in all phases of the development process,\r\nincluding liaising with business analysts.\r\n Write well designed, testable and efficient code in a fastpaced environment.\r\n Ensure designs are compliant with specifications.\r\n Craft aesthetically and functionally flawless user experiences.\r\n',	'2021-08-20 16:55:47',	'2021-08-20 16:55:47'),
(237,	18,	54,	'Teleperformance India Pvt. Ltd ',	'1',	'Developer',	'Indore',	' Understanding and analyse the issues of customer and\r\nreport to client for development.\r\n Manually testing the developed softwares of clients and\r\nreview about it.',	'2021-08-20 16:55:47',	'2021-08-20 16:55:47'),
(241,	18,	56,	'Thinkwik LLP',	'1 year to present',	'Developer',	'Ahmedabad',	'Developer',	'2021-08-20 17:06:42',	'2021-08-20 17:06:42'),
(243,	19,	49,	'Sai InfoTech',	'9 months',	'Trainee',	'Ahmedabad',	'I worked as a trainee developer at Sai InfoTech and was undergo with PHP industrial training for 9months.\r\n ',	'2021-08-20 17:14:31',	'2021-08-20 17:14:31'),
(244,	19,	49,	'Mindinventory',	'3',	'PHP developer',	'Ahmedabad',	'I have 3 years of experience in PHP development and participated in 50+ projects and have accomplished it with full client satisfaction.\r\n',	'2021-08-20 17:14:31',	'2021-08-20 17:14:31'),
(245,	19,	49,	'Novus Logics',	'4+',	' Full stack developer',	'Ahmedabad',	'I am working as a Full stack developer at Novus Logics',	'2021-08-20 17:14:31',	'2021-08-20 17:14:31'),
(246,	19,	47,	'ITS Data Solutions Pvt. Ltd - Oracle Authorised Center',	'9 months',	'Trainee',	'Ahmedabad',	'I have done participated as trainee for Oracle Database and I am a certified Oracle DBA.',	'2021-08-20 17:16:00',	'2021-08-20 17:16:00'),
(247,	19,	47,	'GreyCell Labs Inc',	'5 months',	'Database Administrator',	'New Jersey',	'I have work experience of 5 months as a DBA and have accomplished several projects related.',	'2021-08-20 17:16:00',	'2021-08-20 17:16:00'),
(248,	19,	47,	'Mindinventory',	'2',	'PHP developer',	'Ahmedabad',	'I have around 2 years of experience in PHP development and participated in 30+ projects and have accomplished it with full client satisfaction.',	'2021-08-20 17:16:00',	'2021-08-20 17:16:00'),
(249,	19,	47,	'Novus Logics',	'4+',	' Full stack Developer',	'Ahmedabad',	'I am working as a Full Stack developer at Novus Logics.\r\n',	'2021-08-20 17:16:00',	'2021-08-20 17:16:00'),
(251,	18,	57,	'Thinkwik India Online Services LLP ',	'3+ Continue',	'FRONT END DEVELOPER',	'Ahmedabad',	' Implementing the UI’s into websites using HTML5, Bootstrap, andAngular.\r\n Design new features for existing websites.\r\n Customize themes to meet clients’ requirements.\r\n Converted design assets into component-basedHTML,CSS, JavaScript&Query.\r\n Well versed with JavaScript frameworks like Angular.\r\n Complete frontend development process for a multinational charity based payment gateway\r\n Implemented frontend web design for various projects on angular framework\r\n Integration and handling restful API’s\r\n Designing functionality and structural flow for various projects\r\n Designing website UI and graphical assets as per client needs\r\n SimpleE-commerce website for anSaudi based cartoon manufacturing company\r\n Frontend development for online eBook reading website, for a reputed publication\r\n CRM with lead generation functionality , using Django and angular',	'2021-08-20 17:17:44',	'2021-08-20 17:17:44'),
(307,	18,	52,	'Thinkwik India Online Services LLP',	NULL,	'Web Developer',	NULL,	'> Responsible for development of new highly responsive,\r\nweb-based user interface.\r\n> Construct visualisations that are able to depict vast amounts of data.\r\n> Work and collaborate with the rest of the engineering team\r\n> Work with backend team and graphic designers.\r\n> Work with backend team and graphic designers.\r\n> Learn and understand user interactions.\r\n> Develop a flexible and well-structured front-end architecture, along with the APIs to support it\r\n',	'2021-08-24 17:40:13',	'2021-08-24 17:40:13'),
(308,	18,	55,	'Thinkwik India Online Services LLP',	NULL,	'Senior Web Designer',	NULL,	'> Use a variety of programming languages in order to create user-friendly web pages.\r\n> Maintain and improve company website.\r\n> Work in multidisciplinary team with other professionals such as back-end developers and web designers.\r\n> Build high-quality mockups and design different prototypes\r\n> Optimize our web applications for maximum speed.\r\n> Design mobile-based features.\r\n> Get feedback from users and customers.\r\n> Make suggestions for better solutions to problems.\r\n> Keep abreast of latest and emerging technologies.',	'2021-08-24 17:40:55',	'2021-08-24 17:40:55'),
(309,	18,	55,	'Eclatsol Technologies Pvt. ltd',	NULL,	'Web Designer',	NULL,	'Web Designer',	'2021-08-24 17:40:55',	'2021-08-24 17:40:55'),
(310,	18,	55,	'Iconic Technoplus',	NULL,	'Web Designer',	NULL,	'Web Designer',	'2021-08-24 17:40:55',	'2021-08-24 17:40:55'),
(401,	24,	61,	'Tata Consultancy Services',	NULL,	'Web Developer',	NULL,	'Web Developer',	'2021-08-26 11:29:26',	'2021-08-26 11:29:26'),
(411,	18,	58,	'Thinkwik LLP',	NULL,	'Full Stack Developer',	NULL,	'Developed, Refine and tune integrations between different architectures (mainly ReactJS and React\r\nNative).\r\n Analyze and resolve technical and application problems.\r\n Adhere to high quality development principles while delivering solutions on time and on budget.',	'2021-09-03 10:24:19',	'2021-09-03 10:24:19'),
(413,	3,	63,	'INFIRAISE',	NULL,	'Software Developer',	NULL,	'Front-end Development, UX Design',	'2021-09-06 17:43:33',	'2021-09-06 17:43:33'),
(421,	3,	64,	'1',	NULL,	'1',	NULL,	'1',	'2021-09-08 13:56:45',	'2021-09-08 13:56:45'),
(437,	46,	65,	'Infiraise',	NULL,	'.net Developer',	NULL,	'',	'2021-09-08 17:28:20',	'2021-09-08 17:28:20'),
(445,	46,	66,	'Infiraise',	NULL,	'.net Developer',	NULL,	'',	'2021-09-08 18:01:12',	'2021-09-08 18:01:12'),
(446,	46,	67,	'Infiraise',	NULL,	'.net Developer',	NULL,	'',	'2021-09-08 18:15:14',	'2021-09-08 18:15:14'),
(447,	46,	68,	'Infiraise',	NULL,	'.net Developer',	NULL,	'',	'2021-09-08 18:35:46',	'2021-09-08 18:35:46'),
(451,	50,	69,	'Infiraise',	NULL,	'Java Developer',	NULL,	'',	'2021-09-09 14:37:00',	'2021-09-09 14:37:00'),
(454,	29,	62,	'DRC Systems India Pvt. Ltd.',	NULL,	' Sr. Software Engineer ',	NULL,	'KEY TECHNICAL SKILLS\r\nJava, J2EE, Spring, Spring Boot with microservices, Jersey, Hibernate, Kie Drool, JDBC, Kafka, Redis, MySQL, Tomcat, Jboss EAP Server, Angular8\r\nRELATED OPEN SOURCE LIBRARY KNOWLEDGE\r\nApache HTTP components, Jose4J for JWT token, ScribeJava for oAuth2 authentication, log4j2',	'2021-09-10 10:09:52',	'2021-09-10 10:09:52'),
(455,	50,	70,	'Infiraise',	NULL,	'Java Developer',	NULL,	'',	'2021-09-12 19:04:21',	'2021-09-12 19:04:21'),
(491,	42,	74,	'Infibeam',	NULL,	'Java Developer',	NULL,	'',	'2021-09-20 10:14:01',	'2021-09-20 10:14:01'),
(492,	42,	71,	'Infibeam',	NULL,	'Java Developer',	NULL,	'',	'2021-09-20 10:14:14',	'2021-09-20 10:14:14'),
(493,	42,	73,	'Infibeam',	NULL,	'Java Developer',	NULL,	'Jave developer',	'2021-09-20 10:14:23',	'2021-09-20 10:14:23'),
(496,	42,	75,	'Infiraise',	NULL,	'Java Developer',	NULL,	'',	'2021-09-20 13:37:49',	'2021-09-20 13:37:49'),
(521,	42,	78,	'Infibeam',	NULL,	'Java Developer',	NULL,	'',	'2021-09-23 11:42:43',	'2021-09-23 11:42:43'),
(523,	3,	7,	'In3Ventures Pvt Ltd',	NULL,	'Jr. PHP Developer ',	NULL,	'- I work in core PHP projects, working on project module as per guidance by Sr Sir.\r\n- Learning new CI framework and create demo for practice.',	'2021-10-01 11:08:49',	'2021-10-01 11:08:49'),
(524,	3,	7,	'Nexuslink Services ',	NULL,	'Jr. PHP Developer ',	NULL,	'- I work in symfony, CI + core PHP projects, working on project module as per guidance by Sr Sir.\r\n- Learning new framework and create demo for practice.\r\n',	'2021-10-01 11:08:49',	'2021-10-01 11:08:49'),
(525,	3,	7,	'Bytes Technolab',	NULL,	'PHP Developer ',	NULL,	'- I work in symfony, CI + Laravel + core PHP projects, working on project module as per guidance by Sr Sir.\r\n- I was also guide to Jr developer and Manage small projects\r\n',	'2021-10-01 11:08:49',	'2021-10-01 11:08:49'),
(526,	3,	7,	'Technoinfonet Guj. Pvt. Ltd.',	NULL,	'Sr.PHP Developer',	NULL,	'•	I work in Laravel, Codeigniter, CMS (Joomla, WordPress), OSSN and Core PHP Projects. \r\n•	Manage projects, and help to Jr Developers.\r\n•	Also manage project with multiple Database.\r\n',	'2021-10-01 11:08:49',	'2021-10-01 11:08:49'),
(527,	3,	7,	'Sinontech pvt ltd ',	NULL,	'Sr.PHP Developer',	NULL,	'•	I work in Laravel, Codeigniter, YII, Mobile application APIs. Manage projects, and lead the team on projects. \r\n•	My role starts from client call for requirement gathering to successful delivery to client in between this I plan the flow of work, work sharing, design planning , Development sharing and active involvement in developing to provide quality code which gives best speed and performance, bug tracking and resolving, and deploy to client side.\r\n',	'2021-10-01 11:08:49',	'2021-10-01 11:08:49'),
(528,	3,	7,	'Infiraise',	NULL,	'Sr. Software Engineer',	NULL,	'Manage clients and I work in Laravel, Codeigniter, YII, Mobile application APIs. Manage projects, and lead the team on projects. \r\n•	My role starts from client call for requirement gathering to successful delivery to client in between this I plan the flow of work, work sharing, design planning , Development sharing and active involvement in developing to provide quality code which gives best speed and performance, bug tracking and resolving, and deploy to client side.\r\n',	'2021-10-01 11:08:49',	'2021-10-01 11:08:49'),
(529,	3,	39,	'ABC',	NULL,	'Developer',	NULL,	'',	'2021-10-01 11:18:32',	'2021-10-01 11:18:32'),
(530,	42,	79,	'Infibeam',	NULL,	'Java Developer',	NULL,	'',	'2021-11-01 19:09:01',	'2021-11-01 19:09:01');

DROP TABLE IF EXISTS `tbl_employees_data`;
CREATE TABLE `tbl_employees_data` (
  `id` bigint(20) NOT NULL AUTO_INCREMENT,
  `customers_id` bigint(20) DEFAULT NULL,
  `name` varchar(255) DEFAULT NULL,
  `gender` enum('Male','Female') NOT NULL DEFAULT 'Male',
  `primary_skills` int(11) DEFAULT NULL,
  `budget` float DEFAULT NULL,
  `candidate_availability` enum('immediate','7 days','15 days','30 days') DEFAULT NULL,
  `resume` text,
  `status` enum('0','1') NOT NULL DEFAULT '0',
  `created_at` datetime NOT NULL DEFAULT CURRENT_TIMESTAMP,
  `updated_at` datetime NOT NULL DEFAULT CURRENT_TIMESTAMP,
  PRIMARY KEY (`id`),
  KEY `customers_id` (`customers_id`),
  KEY `primary_skills` (`primary_skills`),
  CONSTRAINT `tbl_employees_data_ibfk_1` FOREIGN KEY (`customers_id`) REFERENCES `tbl_customers` (`customer_id`) ON DELETE CASCADE ON UPDATE CASCADE,
  CONSTRAINT `tbl_employees_data_ibfk_2` FOREIGN KEY (`primary_skills`) REFERENCES `tbl_technology` (`id`) ON DELETE CASCADE ON UPDATE CASCADE
) ENGINE=InnoDB DEFAULT CHARSET=utf8;

INSERT INTO `tbl_employees_data` (`id`, `customers_id`, `name`, `gender`, `primary_skills`, `budget`, `candidate_availability`, `resume`, `status`, `created_at`, `updated_at`) VALUES
(5,	3,	'RINKESH PATEL',	'Male',	14,	125000,	'30 days',	'700431632311410.pdf',	'1',	'2021-09-22 17:20:10',	'2021-09-22 17:20:10'),
(6,	59,	'Parth',	'Male',	11,	150000,	'7 days',	'442881632986789.pdf',	'1',	'2021-09-30 12:56:29',	'2021-09-30 12:56:29'),
(7,	59,	'Vishal',	'Male',	11,	150000,	'7 days',	'686711632986866.pdf',	'1',	'2021-09-30 12:57:46',	'2021-09-30 12:57:46'),
(8,	58,	'Khushbu M',	'Female',	24,	200000,	'immediate',	'147561632992327.pdf',	'',	'2021-09-30 14:28:47',	'2021-09-30 14:28:47'),
(9,	58,	'Mihir P.',	'Male',	23,	200000,	'immediate',	'560711632992305.pdf',	'1',	'2021-09-30 14:28:25',	'2021-09-30 14:28:25'),
(10,	58,	'Digvijay S.',	'Male',	24,	200000,	'immediate',	'243221632992418.pdf',	'1',	'2021-09-30 14:30:18',	'2021-09-30 14:30:18'),
(11,	58,	'Aditya C.',	'Male',	23,	200000,	'immediate',	'903091632992458.pdf',	'1',	'2021-09-30 14:30:58',	'2021-09-30 14:30:58'),
(12,	59,	'Pooja Gadhiya',	'Female',	22,	80000,	'immediate',	'070381633333015.pdf',	'1',	'2021-10-04 13:06:55',	'2021-10-04 13:06:55'),
(13,	67,	'Monil',	'Male',	12,	160000,	'immediate',	'791811633680646.pdf',	'1',	'2021-10-08 13:40:46',	'2021-10-08 13:40:46');

DROP TABLE IF EXISTS `tbl_employees_education`;
CREATE TABLE `tbl_employees_education` (
  `id` bigint(20) NOT NULL AUTO_INCREMENT,
  `customers_id` bigint(20) DEFAULT NULL,
  `employee_id` bigint(20) DEFAULT NULL,
  `graduation` text,
  `passing_year` text,
  `board_university` text,
  `percentage` text,
  `created_at` datetime NOT NULL DEFAULT CURRENT_TIMESTAMP,
  `updated_at` datetime NOT NULL DEFAULT CURRENT_TIMESTAMP ON UPDATE CURRENT_TIMESTAMP,
  PRIMARY KEY (`id`),
  KEY `customers_id` (`customers_id`),
  KEY `employee_id` (`employee_id`),
  CONSTRAINT `tbl_employees_education_ibfk_1` FOREIGN KEY (`customers_id`) REFERENCES `tbl_customers` (`customer_id`) ON DELETE CASCADE ON UPDATE CASCADE,
  CONSTRAINT `tbl_employees_education_ibfk_2` FOREIGN KEY (`employee_id`) REFERENCES `tbl_employees` (`id`) ON DELETE CASCADE ON UPDATE CASCADE
) ENGINE=InnoDB DEFAULT CHARSET=utf8;

INSERT INTO `tbl_employees_education` (`id`, `customers_id`, `employee_id`, `graduation`, `passing_year`, `board_university`, `percentage`, `created_at`, `updated_at`) VALUES
(59,	3,	10,	'1',	'1',	'1',	'1',	'2021-07-23 08:45:54',	'2021-07-23 08:45:54'),
(148,	3,	31,	'BCA',	'2020',	'Indus Univerisity',	'50',	'2021-08-13 15:30:31',	'2021-08-13 15:30:31'),
(197,	18,	46,	'B.Tech',	'2016',	'BML Munjal University',	'85%',	'2021-08-20 12:55:39',	'2021-08-20 12:55:39'),
(198,	18,	44,	'MCA (Master of Computer Application) ',	'2010',	'RGVP',	'88%',	'2021-08-20 12:58:03',	'2021-08-20 12:58:03'),
(200,	18,	48,	'B.E.',	'2017',	'GTU',	'8 CGPA',	'2021-08-20 14:31:42',	'2021-08-20 14:31:42'),
(207,	19,	41,	'Bachelor of Computer Application',	'2018',	'Shree Swaminarayan College of Computer Science, Bhavnagar',	'80',	'2021-08-20 14:37:55',	'2021-08-20 14:37:55'),
(208,	19,	42,	'Bachelor of Computer Application',	'2015',	'Shree Swaminarayan College of Computer Science, Bhavnagar',	'80',	'2021-08-20 14:38:20',	'2021-08-20 14:38:20'),
(209,	19,	42,	'Master of Computer Application',	'2017',	'R B Institute of Management Studies, Ahmedabad',	'80',	'2021-08-20 14:38:20',	'2021-08-20 14:38:20'),
(210,	19,	43,	'Bachelor of Computer Application',	'2018',	'Gujarat University, Ahmedabad',	'80',	'2021-08-20 14:38:51',	'2021-08-20 14:38:51'),
(211,	19,	45,	'12th Science',	'2008',	'Shree N.V. Patel VidhyaMandir, Ahmedabad',	'75',	'2021-08-20 14:39:13',	'2021-08-20 14:39:13'),
(212,	19,	45,	'Bachelor Of Engineering',	'2013',	'Hashmukh Goswami College Of Engineering- GTU',	'80',	'2021-08-20 14:39:13',	'2021-08-20 14:39:13'),
(216,	19,	40,	'Bachelor of Computer Application',	'2014',	'Lachoo Memorial College, Rajasthan',	'80',	'2021-08-20 14:55:52',	'2021-08-20 14:55:52'),
(217,	19,	40,	'Master of Computer Application',	'2016',	'Lachoo Memorial College, Rajasthan',	'80',	'2021-08-20 14:55:52',	'2021-08-20 14:55:52'),
(218,	18,	50,	'B.E.( Bachelor Of Computer Science) ',	'2011',	' R.G.P.V.',	'64%',	'2021-08-20 15:18:01',	'2021-08-20 15:18:01'),
(219,	18,	51,	'B.E (Hons.) Computer Science',	'2016',	' BITS Pilani, Dubai - UAE',	'88%',	'2021-08-20 16:11:43',	'2021-08-20 16:11:43'),
(221,	18,	53,	'Bachelor of Computer Application',	'2014',	'Saurashtra University, Rajkot',	'75',	'2021-08-20 16:36:55',	'2021-08-20 16:36:55'),
(222,	18,	53,	'Master of Computer Application',	'2016',	'Banglore University, Banglore',	'75',	'2021-08-20 16:36:55',	'2021-08-20 16:36:55'),
(223,	18,	54,	'12th',	'2008',	'MP Board',	'80',	'2021-08-20 16:55:47',	'2021-08-20 16:55:47'),
(224,	18,	54,	'Master of Computer Application',	'2014',	'IPS Academy Indore',	'80',	'2021-08-20 16:55:47',	'2021-08-20 16:55:47'),
(226,	18,	56,	'B. tech in Computer Science',	'2014',	' LOVELY PROFESSIONAL UNIVERSITY',	'80',	'2021-08-20 17:06:42',	'2021-08-20 17:06:42'),
(228,	19,	49,	'Diploma Of Engineering',	'2010',	'Nirma University',	'75',	'2021-08-20 17:14:31',	'2021-08-20 17:14:31'),
(229,	19,	49,	' Bachelor Of Engineering',	'2014',	'Saffrony College Of Engineering, Mehsana-GTU',	'75',	'2021-08-20 17:14:31',	'2021-08-20 17:14:31'),
(230,	19,	47,	'Master of Computer Application',	'2013',	'GLS (Gujarat Law Society), Ahmedabad ',	'80',	'2021-08-20 17:16:00',	'2021-08-20 17:16:00'),
(232,	18,	57,	'B. Tech in Computer Science',	'2018',	'GTU',	'8 CGPA',	'2021-08-20 17:17:44',	'2021-08-20 17:17:44'),
(280,	18,	52,	'B.E.',	'2017',	'GTU',	'8 CGPA',	'2021-08-24 17:40:13',	'2021-08-24 17:40:13'),
(281,	18,	55,	'B.E.',	'2017',	'GTU',	'8 CGPA',	'2021-08-24 17:40:55',	'2021-08-24 17:40:55'),
(352,	24,	61,	'B.E.',	'2021',	'GTU',	'8 CGPA',	'2021-08-26 11:29:26',	'2021-08-26 11:29:26'),
(361,	18,	58,	'Bachelor of Computer Applications',	'2015',	'Makhanlal Chaturvedi National University of Journalism and Communication',	'54%',	'2021-09-03 10:24:19',	'2021-09-03 10:24:19'),
(362,	18,	58,	'Master of Computer Applications',	'2017',	'Institute of Computer Science & Technology',	'50%',	'2021-09-03 10:24:19',	'2021-09-03 10:24:19'),
(364,	3,	63,	'B.E.',	'2017',	'GTU',	'8 CGPA',	'2021-09-06 17:43:33',	'2021-09-06 17:43:33'),
(370,	3,	64,	'SKPIMCS',	'1',	'1',	'1',	'2021-09-08 13:56:45',	'2021-09-08 13:56:45'),
(398,	46,	65,	'H.S.C.',	'2010',	'G.S.E.B',	'79.86',	'2021-09-08 17:28:20',	'2021-09-08 17:28:20'),
(399,	46,	65,	'B.sc(CA & IT)',	'2013',	'H.N.G.U',	'67',	'2021-09-08 17:28:20',	'2021-09-08 17:28:20'),
(400,	46,	65,	'M.sc(CA & IT)',	'2015',	'H.N.G.U',	'66',	'2021-09-08 17:28:20',	'2021-09-08 17:28:20'),
(406,	46,	66,	'H.S.C.',	'2010',	'G.S.E.B',	'64',	'2021-09-08 18:01:12',	'2021-09-08 18:01:12'),
(407,	46,	66,	'B.E (Computer Engineering)',	'2014',	'G.T.U',	'6.57',	'2021-09-08 18:01:12',	'2021-09-08 18:01:12'),
(408,	46,	67,	'H.S.C.',	'2010',	'G.S.E.B',	'84.8',	'2021-09-08 18:15:14',	'2021-09-08 18:15:14'),
(409,	46,	67,	'BSc-It',	'2013',	'Gujarat University',	'78.4',	'2021-09-08 18:15:14',	'2021-09-08 18:15:14'),
(410,	46,	67,	'MSc-It',	'2015',	'Gujarat University',	'76.2',	'2021-09-08 18:15:14',	'2021-09-08 18:15:14'),
(411,	46,	68,	'-',	'-',	'-',	'-',	'2021-09-08 18:35:46',	'2021-09-08 18:35:46'),
(415,	50,	69,	'BE-IT',	'2018',	'G.T.U',	'86.5',	'2021-09-09 14:37:00',	'2021-09-09 14:37:00'),
(418,	29,	62,	'M.C.A (Master of Computer Application)',	'2015',	'GTU',	'75',	'2021-09-10 10:09:52',	'2021-09-10 10:09:52'),
(419,	50,	70,	'M.SC(CA&IT)',	'2019',	'H.N.G.U',	'N.A',	'2021-09-12 19:04:21',	'2021-09-12 19:04:21'),
(447,	42,	74,	'Graduation (BCA)',	'2011-2014',	'Varanasi Affiliated to  MCU University',	'-',	'2021-09-20 10:14:01',	'2021-09-20 10:14:01'),
(448,	42,	71,	') B.Tech in computer science ',	'2009-13',	'CV Raman College of Engineering, Bhubaneswar,(BPUT,Rourkela) ',	'6.34',	'2021-09-20 10:14:14',	'2021-09-20 10:14:14'),
(449,	42,	73,	'Computer Application ',	'2015	',	'Rajiv Gandhi Prodyogiki ',	'-',	'2021-09-20 10:14:23',	'2021-09-20 10:14:23'),
(452,	42,	75,	'PG Diploma in Advanced  Computing',	'2015 ',	'C-DAC ',	'B',	'2021-09-20 13:37:49',	'2021-09-20 13:37:49'),
(469,	42,	78,	'B.E',	'2012-16',	'Mumbai University',	'66.76%',	'2021-09-23 11:42:43',	'2021-09-23 11:42:43'),
(471,	3,	7,	'S.S.C.',	'2006',	'G.S.E.B.',	'68.29%',	'2021-10-01 11:08:49',	'2021-10-01 11:08:49'),
(472,	3,	7,	'H.S.C.',	'2008',	'G.H.S.E.B.',	'58.29%',	'2021-10-01 11:08:49',	'2021-10-01 11:08:49'),
(473,	3,	7,	'B.C.A.',	'2011',	'H.U.G. UNIVERSITY',	'73.33%',	'2021-10-01 11:08:49',	'2021-10-01 11:08:49'),
(474,	3,	7,	'M.C.A.',	'2014',	'K.S.V UNIVERSITY',	'70.00%',	'2021-10-01 11:08:49',	'2021-10-01 11:08:49'),
(475,	3,	39,	'BCA',	'2020',	'Indus university',	'50',	'2021-10-01 11:18:32',	'2021-10-01 11:18:32'),
(476,	42,	79,	'•	MCA  ',	' 2017 ',	'Mumbai University',	'-',	'2021-11-01 19:09:01',	'2021-11-01 19:09:01');

DROP TABLE IF EXISTS `tbl_employees_projects`;
CREATE TABLE `tbl_employees_projects` (
  `id` bigint(20) NOT NULL AUTO_INCREMENT,
  `customers_id` bigint(20) DEFAULT NULL,
  `employee_id` bigint(20) DEFAULT NULL,
  `project_name` text,
  `project_details` text,
  `project_url` text,
  `skills_multiple` text,
  `project_url_android` text,
  `project_url_ios` text,
  `created_at` datetime NOT NULL DEFAULT CURRENT_TIMESTAMP,
  `updated_at` datetime NOT NULL DEFAULT CURRENT_TIMESTAMP ON UPDATE CURRENT_TIMESTAMP,
  PRIMARY KEY (`id`),
  KEY `customers_id` (`customers_id`),
  KEY `employee_id` (`employee_id`),
  CONSTRAINT `tbl_employees_projects_ibfk_1` FOREIGN KEY (`customers_id`) REFERENCES `tbl_customers` (`customer_id`) ON DELETE CASCADE ON UPDATE CASCADE,
  CONSTRAINT `tbl_employees_projects_ibfk_2` FOREIGN KEY (`employee_id`) REFERENCES `tbl_employees` (`id`) ON DELETE CASCADE ON UPDATE CASCADE
) ENGINE=InnoDB DEFAULT CHARSET=utf8;

INSERT INTO `tbl_employees_projects` (`id`, `customers_id`, `employee_id`, `project_name`, `project_details`, `project_url`, `skills_multiple`, `project_url_android`, `project_url_ios`, `created_at`, `updated_at`) VALUES
(67,	3,	10,	'3',	'3',	NULL,	NULL,	NULL,	NULL,	'2021-07-23 08:45:54',	'2021-07-23 08:45:54'),
(152,	3,	31,	'HMS',	'It is a long established fact that a reader will be distracted by the readable content of a page when looking at its layout. The point of using Lorem Ipsum is that it has a more-or-less normal distribution of letters, as opposed to using \'Content here, content here\', making it look like readable English. Many desktop publishing packages and web page editors now use Lorem Ipsum as their default model text, and a search for \'lorem ipsum\' will uncover many web sites still in their infancy. Various versions have evolved over the years, sometimes by accident, sometimes on purpose (injected humour and the like).',	NULL,	NULL,	NULL,	NULL,	'2021-08-13 15:30:31',	'2021-08-13 15:30:31'),
(254,	18,	46,	'Smart Library System ',	'Smart Library System using RFID & Cloud Storage',	NULL,	NULL,	NULL,	NULL,	'2021-08-20 12:55:39',	'2021-08-20 12:55:39'),
(255,	18,	46,	'Surveillance system with facial recognition',	' Using Raspberry Pi',	NULL,	NULL,	NULL,	NULL,	'2021-08-20 12:55:39',	'2021-08-20 12:55:39'),
(256,	18,	46,	'Complete frontend development process for a multinational charity based payment gateway',	'',	NULL,	NULL,	NULL,	NULL,	'2021-08-20 12:55:39',	'2021-08-20 12:55:39'),
(257,	18,	46,	'Handling dashboard',	'Handling dashboard based frontend for French custom duty based organization using ruby on rails',	NULL,	NULL,	NULL,	NULL,	'2021-08-20 12:55:39',	'2021-08-20 12:55:39'),
(258,	18,	46,	'Frontend web design',	'Implemented frontend web design for various projects on angular framework',	NULL,	NULL,	NULL,	NULL,	'2021-08-20 12:55:39',	'2021-08-20 12:55:39'),
(259,	18,	46,	'Integration and handling restful API’s',	'',	NULL,	NULL,	NULL,	NULL,	'2021-08-20 12:55:39',	'2021-08-20 12:55:39'),
(260,	18,	46,	'Designing functionality and structural flow for various projects',	'',	NULL,	NULL,	NULL,	NULL,	'2021-08-20 12:55:39',	'2021-08-20 12:55:39'),
(261,	18,	46,	'Designing website UI and graphical assets as per client needs',	'',	NULL,	NULL,	NULL,	NULL,	'2021-08-20 12:55:39',	'2021-08-20 12:55:39'),
(262,	18,	46,	'Simple E-commerce website',	'Simple E-commerce website for an Saudi based cartoon manufacturing company',	NULL,	NULL,	NULL,	NULL,	'2021-08-20 12:55:39',	'2021-08-20 12:55:39'),
(263,	18,	46,	'Online eBook reading website (Netbookflix)',	' Frontend development for online eBook reading website (Netbookflix) , for a reputed\r\npublication\r\n',	NULL,	NULL,	NULL,	NULL,	'2021-08-20 12:55:39',	'2021-08-20 12:55:39'),
(264,	18,	46,	'CRM with lead generation functionality',	'Using Django and angular',	NULL,	NULL,	NULL,	NULL,	'2021-08-20 12:55:39',	'2021-08-20 12:55:39'),
(265,	18,	44,	'Application: Academia ERP - Enterprise Resource Planning',	'Description:\r\nNov 19 - Apr 21\r\nAcademia ERP is the complete enterprise solution for colleges & universities looking to automate their Academic and\r\nAdministrative processes. This comprehensive suite streamlines complete student life cycle from Enquiry to Graduation as\r\nwell as administrative processes such as Inventory, Hostel, Library, Human Resources etc. The product is built on cuttingedge Java technology and is robust & scalable.\r\nAcademia ERP impacts all the functions & departments and removes manual intervention as far as possible, making\r\nexecution of processes smooth and leading to increased efficiency and greater control on the system.\r\nThere are N- number of modules in application –\r\nCampus Setup, Program Management, Courses Management, Pre-admission/Admission Management, Student Information\r\nSystem, Academic Registration, Time-Table Management, File Management, Committee Management, Front Desk\r\nManagement, Security Gate Management, Attendance Record Management, Library Management, Exam & Mark sheet\r\nManagement, Fees Management, Certificates & Document Management, Human Resource Management, Hostel\r\nManagement, Inventory/Store Management\r\nResponsibilities:\r\n• Worked as a full stack developer, involving on coding, development/enhancements.\r\n• Evolve in research part for new features implementation.\r\n• Manage teams and share knowledge.\r\n• Gathering requirements from product team about the acceptance criteria using Aglie Methodologies.\r\n• Worked with Quality Control Teamsto develop Test Plan and Test Cases.\r\nEnvironment: Spring, Swagger, Ext.js, Angular, Spring AOP, Hibernate, MYSQL, Power BI, Java 8, Jasper, Apache POI, Tomcat',	NULL,	NULL,	NULL,	NULL,	'2021-08-20 12:58:03',	'2021-08-20 12:58:03'),
(266,	18,	44,	'Application: iNet ',	'Client: UK client (Sr. Module Lead)\r\nDescription:\r\nonTrack is on the cutting-edge of PropTech software enabling real estate agents to do more, in less time utilizing. We\r\nsurveyed top producing agents who unanimously agreed that there was no complete real estate platform available to\r\nmeet their demanding needs.\r\nWe are starting with state-of-the-art technology and developed powerful marketing tools to give agents the #1 rated\r\nlead generation platform ever developed. Prior to the onTrack platform, agents had to rely on other services to deliver\r\nsub-par real estate leads at exorbitant costs. Today, onTrack puts these powerful tools right in the real estate agent\'s\r\nown hands. These easy to use tools have generated thousands of buyer and seller leads for onTrack users.\r\nLead Generation doesn\'t make the real estate agent any money, Lead Conversion makes the agent money. The\r\nonTrack platform gives real estate agents powerful lead nurturing tools to take a lead from generation to a closed\r\ntransaction.\r\nResponsibilities:\r\n• Worked as a full stack developer, involving on coding, development/enhancements.\r\n• Manage teams and share knowledge.\r\n• Gathering requirements from client about the acceptance criteria using Aglie Methodologies.\r\n• Worked with Quality Control Teamsto develop Test Plan and Test Cases.\r\nEnvironment: Spring Boot, Swagger, Angular, Spring AOP, lombok, JPA, MYSQL, Junit using Mockito.',	NULL,	NULL,	NULL,	NULL,	'2021-08-20 12:58:03',	'2021-08-20 12:58:03'),
(267,	18,	44,	'Application: CRM',	'Client: UK client (Project Lead)\r\nDescription:\r\nCustomer relationship management (CRM) is an approach to manage a company\'s interaction with current and\r\npotential customers. It uses data analysis about customers\' history with a company to improve business relationships\r\nwith customers, specifically focusing on customer retention and ultimately driving sales growth. Our CRM application is\r\nusing like tele calling for provides info about one school management software ASSET, booking demos for this and keep\r\ndetails about all customers and school who are using this software.\r\n• Enhanced ability to target profitable customers.\r\n• Improved customer service efficiency and effectiveness.\r\n• Connect customers from our school management software ASSET.\r\nResponsibilities:\r\n• Worked as a full stack developer, involving on coding, development/enhancements.\r\n• Manage teams and share knowledge about Project and task.\r\n• Gathering requirements from client about the acceptance criteria using Aglie Methodologies.\r\n• Scheduled meetings with onsite co-ordination and discussions on Tasks.\r\n• Worked with Quality Control Teamsto develop Test Plan and Test Cases.\r\nEnvironment: Spring Boot, JPA, MYSQL, Angular Js, WkHtmltoPdf, iText reports.',	NULL,	NULL,	NULL,	NULL,	'2021-08-20 12:58:03',	'2021-08-20 12:58:03'),
(268,	18,	44,	'Application: Billing Management System',	'Description:\r\nBilling management is the front-end process of ensuring the proper invoice is sent to the customer on time, and with\r\nall the accurate information and billing terms. While the order is being processed, order information (available in the\r\ncontract) moves to your finance team so they can generate billing schedules based on the contract. companies are now\r\nselling a bundle of products, services and subscriptions, it’s critical that invoices clearly explain what customers are\r\ngetting billed for. And if there are any changes, swaps, deletes and additions to the order, that increases the\r\ncomplexity of invoices.\r\n● Support your (changing) pricing structure.\r\n● Bill for complex accounts.\r\n● Improve your invoicing.\r\n● Speed up billing operations\r\n● Simplify tax calculations.\r\nResponsibilities:\r\n• Worked as a full stack developer, involving on coding, development/enhancements.\r\n• Manage teams and share knowledge about Project and task.\r\n• Gathering requirements from client about the acceptance criteria.\r\n• Scheduled meetings with onsite co-ordination and discussions on Tasks.\r\n• Worked with Quality Control Teamsto develop Test Plan and Test Cases.\r\nEnvironment: Spring, JPA, MSSQL, Angular JS, Crystal reports.',	NULL,	NULL,	NULL,	NULL,	'2021-08-20 12:58:03',	'2021-08-20 12:58:03'),
(269,	18,	44,	'Application: Soffront (CRM, Marketing, Simplified)Project Lead',	'Description:\r\nCustomer relationship management (CRM) is a term that refers to practices, strategies and technologies that\r\ncompanies use to manage and analyze customer interactions and data throughout the customer lifecycle, with the goal\r\nof improving business relationships with customers, assisting in customer retention and driving sales growth.\r\n• Real time customer engagement and intelligent case routing.\r\n• Easy access to customer information and case details.\r\n• Real time agent\'s performance measurement.\r\n• Extract key customer service metrics like FRT, TAT etc.\r\nResponsibilities:\r\n• Worked as a full stack developer, involving on coding, development/enhancements.\r\n• Manage teams and share knowledge about Project and task.\r\n• Gathering requirements from client about the acceptance criteria.\r\n• Scheduled meetings with onsite co-ordination and discussions on Tasks.\r\n• Worked with Quality Control Teamsto develop Test Plan and Test Cases.\r\nEnvironment: Angular JS.\r\n',	NULL,	NULL,	NULL,	NULL,	'2021-08-20 12:58:03',	'2021-08-20 12:58:03'),
(270,	18,	44,	'Application: Advanced Statistical Software Evaluation Tool for School Improvement',	'Client: UK client (Project Lead) July 16 – Oct 16\r\nDescription:\r\nThe ASSET for Schools can calculate Progress and Attainment 8 scores for:\r\n• Each pupil\r\n• Pupil Groups\r\n• School Average\r\nProgress8 calculations are based on Fine levels which is calculated using Key Stage 2 English and Maths raw Marks not\r\nlevels.\r\nThe ASSET for Schools will also enable you to evaluate the achievement of pupils against RAISE online. You can\r\ndemonstrate to OFSTED you are using ASSET to improve your progress across subjects. The evaluation schedule for the\r\ninspection of maintained schools and academies, The ASSET for Schools will also support you in providing the following\r\ncrucial evidence to Ofsted.\r\n• An analysis of Progress of pupils for the past three years, broken down by pupil groups\r\n• An analysis of Progress and Attainment\r\n• Records of progress against the key issues identified at the previous inspection\r\n• Reviews of progress across subjects or departments\r\n•Current levels of achievement and predictions for the end of theacademic year\r\nusing ASSET for Schools you will also be able to: -\r\n•Evaluate pupils’ learning and progress relative to their starting points at particular ages and combine to any\r\nassessment measures held in the school\r\n• Evaluate the progress of pupils who have received intervention and/or additional support\r\n• Evaluate the progress of any pupils who have joined the school at times other than the usual transfertimes\r\n• Measure levels of progress against national thresholds\r\n5\r\nResponsibilities:\r\n• Worked as a full stack developer, involving on coding, development/enhancements.\r\n• Manage teams and share knowledge about Project and task.\r\n• Gathering requirements from client about the acceptance criteria.\r\n• Scheduled meetings with onsite co-ordination and discussions on Tasks.\r\n• Worked with Quality Control Teamsto develop Test Plan and Test Cases.\r\nEnvironment: Spring, Struts, Hibernate, MYSQL, JSP, JS, Ajax.\r\n',	NULL,	NULL,	NULL,	NULL,	'2021-08-20 12:58:03',	'2021-08-20 12:58:03'),
(271,	18,	44,	'Application: ISG- JD Device Management',	'Client: (John Deere) (Senior Software Engineer)\r\nDescription:\r\nISG- JD Device Management includes enhancements for adding new features and introducing various Web- Services in\r\nJD Device Management application. Also, we provide support in form of bug resolving in the application. All the\r\ndevelopment is carried out following TDD and ATTD approach. The application is based on Spring 4, JPA, EJPM and\r\nDSFJ- which are internal John Deere framework based on basic concepts of Spring and JPA. Other than this application\r\nuses AWS, Rest and Soap (Soap services are to be replaced by REST)\r\nResponsibilities:\r\n• Gathering requirements from client about the acceptance criteria.\r\n• Scheduled meetings with onsite co-ordination and discussions on Tasks.\r\n• Worked with Quality Control Teamsto develop Test Plan and Test Cases.',	NULL,	NULL,	NULL,	NULL,	'2021-08-20 12:58:03',	'2021-08-20 12:58:03'),
(272,	18,	44,	'Application: ISG- JD Link Enhancementand Support',	'Client: (John Deere) (Senior Software Engineer)\r\nDescription:\r\nISG- JD Link includes enhancements for adding new features and migration of various Web-Services in JD Link\r\napplication. Also, we provide support in form of bug resolving in the application. All the development is carried out\r\nfollowing TDD approach. The application is based on EJPM and DSFJ- which are internal John Deere framework based\r\non basic concepts of Spring Hibernate and Struts.\r\nResponsibilities:\r\n• Gathering requirements from client about the acceptance criteria.\r\n• Scheduled meetings with onsite co-ordination and discussions on Tasks.\r\n• Writing complex code to bring out functionality as per the acceptance criteria.\r\n• Worked with Quality Control Teamsto develop Test Plan and Test Cases.\r\n',	NULL,	NULL,	NULL,	NULL,	'2021-08-20 12:58:03',	'2021-08-20 12:58:03'),
(273,	18,	44,	'Application: Care4Today Mobile Health Manager',	'Client: Johnson & Johnson (Software Engineer)\r\nThe care4Today web site is being developed for Janssen Healthcare Innovation would help all application users to\r\nmanage their medications as well as their family medication. It would help an application user to select, save their\r\nmedication along with reminders. The current application would generate periodical reminders to help a user take\r\ntheir medication on time. The application would also offer reporting so that the user can have a glimpse of their\r\nadherence with their medications.\r\nResponsibilities:\r\n Development/Enhancements using JSP, jQuery, Ajax, Spring, JPA and Spring Restful Web Services.\r\n Developed Restful Web Services for iPhone and Android.\r\n Unit Testing and Bug Fixing.\r\n Guide to team member.\r\nEnvironment: Spring, JPA, MySQL, JSP, jQuery, JavaScript and Ajax.',	NULL,	NULL,	NULL,	NULL,	'2021-08-20 12:58:03',	'2021-08-20 12:58:03'),
(274,	18,	44,	'Application Shared Decision Making',	'Client: Johnson & Johnson\r\nThe Shared Decision Making (SDM) application will be client-server application that provides detailed educational\r\n/shared decision making information. This application will be used by patients and physicians both. Application will\r\nalso allow users to input physician referral related information. An admin portal is available to access usage related\r\ninformation and associated reports.\r\nResponsibilities:\r\n Development/Enhancements using JSP, jQuery, Ajax, Spring, JPA and Spring Restful Web Services.\r\n Developed Restful Web Services for iPhone and Android.\r\n Unit Testing and Bug Fixing.\r\n Guide to team member.\r\nEnvironment: Spring, JPA, MySQL, JSP, jQuery, JavaScript and Ajax',	NULL,	NULL,	NULL,	NULL,	'2021-08-20 12:58:03',	'2021-08-20 12:58:03'),
(275,	18,	44,	'Application: Indian Oil-Aadhar Linked LPG Distribution ',	'Client: IOCL\r\nThe current project is being implemented for Indian Oil (IOCL), Hindustan Petroleum (HPCL) and Bharat Petroleum\r\n(BPCL). The 3 Oil Marketing Companies (OMCs) have undertaken an initiative to have a UID Aligned LPG distribution\r\nprocess. The Aadhar initiative taken by the Government of India mandates that every Indian should register with the\r\nGovernment to procure a Unique Identification (UID). The same information would then be leveraged by various\r\nsectors to validate the identity of the consumer at the point of distribution or sales. In the current scenario, the 3\r\nOMCs require that the biometric of the connection owner should be authenticated against the CIDR services to allow\r\nfor the distribution of the subsidized LPG cylinder to authentic consumers only.\r\nRoles & Responsibilities:\r\n Development/Enhancements\r\n Unit Testing\r\nEnvironment: JDK 1.6, spring 3.x, Hibernate 3.x, Eclipse 3.x, MYSQL, JBOSS, JavaScript.',	NULL,	NULL,	NULL,	NULL,	'2021-08-20 12:58:03',	'2021-08-20 12:58:03'),
(276,	18,	44,	'Application: Intertek ',	'Client: Intertek\r\nThis project to replace the existing CCES system which is important to the Commodities business to improve their\r\noverall testing performance and to deliver a better customer service experience to their clients. This in turn will result\r\nin the company gaining a competitive advantage to win more new business while reducing potential loss of current\r\nbusiness due the limitations of the existing system. This can be achieved by:\r\n➢ Improving efficiency and cost by reducing the extensive manual intervention required by the existing\r\nsystem/process\r\n➢ Improving testing performance by providing access to real-time data to labs, LTS and management. This will help\r\nthe CCE program identify issues more quickly and allow labs to respond faster and make corrective actions to\r\n➢ improve performance. Having access to real-time data will also facilitate better management awareness of issues.\r\n7\r\n➢ Ability to expand the number of laboratories being monitored in the system from the current 75 labs. These\r\ninclude labs in the Americas, 2 EMEA and one in APAC.\r\n➢ Refreshing the hardware and software technologies will significantly increase system performance\r\n➢ Having a multi-user environment will improve performance by spreading out the work and allow labs/users to\r\nconcurrently process jobs and obtain real-time intelligence\r\n➢ Eliminate the current lag time delay in the manual process due to time zone differences between AMER, EMEA\r\nand APAC\r\n➢ Improve bias and trend reporting and have instant access to these reports by the labs, LTS or management\r\n➢ Inclusion of Method Reproducibility to go along with other statistics such as ARV and Standard Deviation, which\r\nare client requirements.\r\nRoles & Responsibilities:\r\n Development/Enhancements\r\n Unit Testing\r\nEnvironment: JDK 1.6, spring 3.x, Hibernate 3.x, Eclipse 3.x. Oracle.',	NULL,	NULL,	NULL,	NULL,	'2021-08-20 12:58:03',	'2021-08-20 12:58:03'),
(277,	18,	44,	'Application: Ansell Guardian Tools ',	'Client: Ansell US\r\nGuardian process is a cost saving and profitability improvement process.\r\nThe Guardian Tool will facilitate end-customer in identifying the benefits in terms of total cost of ownership by using variety\r\nof Ansell products in comparison to customer\'s existing products.\r\nThe tool will be used across the global incorporating region and country specific Ansell product specifications, rules for\r\nselecting best product recommendation etc.\r\nThis tool will be available in online (web) and off-line (desktop) modes. The offline mode application will synchronize itself\r\nonce the connectivity with the central database is available.\r\nGuardian tool has following features: -\r\n➢ Web based application accessible through the internet.\r\n➢ Guardian desktop version of the application deployable on Laptops and TabletPCs\r\n➢ Data synchronization between the Guardian desktop and the Web application.\r\n➢ Secured Access\r\nRoles & Responsibilities:\r\n Documenting Impact Analysis\r\n Development/Enhancements\r\n Unit Testing\r\nEnvironment: JDK 1.6, spring 2.5, Hibernate 3.0, Eclipse 3.x RCP, MySQL, XML',	NULL,	NULL,	NULL,	NULL,	'2021-08-20 12:58:03',	'2021-08-20 12:58:03'),
(285,	18,	48,	'not mentioned',	'not mentioned',	NULL,	NULL,	NULL,	NULL,	'2021-08-20 14:31:42',	'2021-08-20 14:31:42'),
(307,	19,	41,	' Secure Parking',	'Technologies: Laravel 7, Vue Js(For calculating\r\nparking amount)',	NULL,	NULL,	NULL,	NULL,	'2021-08-20 14:37:55',	'2021-08-20 14:37:55'),
(308,	19,	41,	' Panoply',	'Technologies: Angular Js, Laravel\r\n',	NULL,	NULL,	NULL,	NULL,	'2021-08-20 14:37:55',	'2021-08-20 14:37:55'),
(309,	19,	41,	'Indifoot',	'Technologies: Laravel\r\n',	NULL,	NULL,	NULL,	NULL,	'2021-08-20 14:37:55',	'2021-08-20 14:37:55'),
(310,	19,	41,	'Audio Killer Live',	'Technologies: Angular Js, Laravel\r\n',	NULL,	NULL,	NULL,	NULL,	'2021-08-20 14:37:55',	'2021-08-20 14:37:55'),
(311,	19,	42,	' Secure Parking',	'Technologies: Laravel 7, Vue Js(For calculating\r\nparking amount)',	NULL,	NULL,	NULL,	NULL,	'2021-08-20 14:38:20',	'2021-08-20 14:38:20'),
(312,	19,	42,	'Panoply',	'Technologies: Angular Js, Laravel',	NULL,	NULL,	NULL,	NULL,	'2021-08-20 14:38:20',	'2021-08-20 14:38:20'),
(313,	19,	42,	'Indifoot',	'Technologies:  Laravel',	NULL,	NULL,	NULL,	NULL,	'2021-08-20 14:38:20',	'2021-08-20 14:38:20'),
(314,	19,	42,	'Audio Killer Live',	'Technologies: Angular Js, Laravel',	NULL,	NULL,	NULL,	NULL,	'2021-08-20 14:38:20',	'2021-08-20 14:38:20'),
(315,	19,	43,	'Bendita Burger',	'Technologies: Svelte Js, Laravel\r\n',	NULL,	NULL,	NULL,	NULL,	'2021-08-20 14:38:51',	'2021-08-20 14:38:51'),
(316,	19,	43,	'VacationWinWin',	'a) Technologies: React Js, Laravel\r\n',	NULL,	NULL,	NULL,	NULL,	'2021-08-20 14:38:51',	'2021-08-20 14:38:51'),
(317,	19,	43,	'Stampbyme',	'a) Technologies: React Js\r\n',	NULL,	NULL,	NULL,	NULL,	'2021-08-20 14:38:51',	'2021-08-20 14:38:51'),
(318,	19,	45,	'Leadr',	'a) Technologies: React Js, NodeJS\r\nb) Web Url: https://www.leadr.com/',	NULL,	NULL,	NULL,	NULL,	'2021-08-20 14:39:13',	'2021-08-20 14:39:13'),
(319,	19,	45,	'Storzzz',	'a) Technologies: React Native, NodeJS\r\nb) iOs: App Store\r\nc) Android: Play Store',	NULL,	NULL,	NULL,	NULL,	'2021-08-20 14:39:13',	'2021-08-20 14:39:13'),
(320,	19,	45,	'Mane Emergency ME',	'a) Technologies: React Native, NodeJS\r\nb) iOs: App Store\r\nc) Android: Play Store',	NULL,	NULL,	NULL,	NULL,	'2021-08-20 14:39:13',	'2021-08-20 14:39:13'),
(321,	19,	45,	'APlus The School App',	'a) Technologies: iOs Application, NodeJS\r\nb) iOs: App Store',	NULL,	NULL,	NULL,	NULL,	'2021-08-20 14:39:13',	'2021-08-20 14:39:13'),
(322,	19,	45,	'Kidesia',	'a) Technologies: Ionic, NodeJs\r\nb) iOs: App Store\r\nc) Android: Play Store\r\n',	NULL,	NULL,	NULL,	NULL,	'2021-08-20 14:39:13',	'2021-08-20 14:39:13'),
(323,	19,	45,	' Mucho Kids World',	'a) Technologies: AngularJS, NodeJS\r\nb) Website: MuchoKids\r\n',	NULL,	NULL,	NULL,	NULL,	'2021-08-20 14:39:13',	'2021-08-20 14:39:13'),
(324,	19,	45,	' The Billionaires league App',	'a) Technologies: Ionic, NodeJs\r\nb) iOs: App Store\r\nc) Android: Play Store',	NULL,	NULL,	NULL,	NULL,	'2021-08-20 14:39:13',	'2021-08-20 14:39:13'),
(325,	19,	45,	'Audio Killer Live',	'a) Technologies: AngularJs, NodeJs\r\nb) Website: https://muchokids.com',	NULL,	NULL,	NULL,	NULL,	'2021-08-20 14:39:13',	'2021-08-20 14:39:13'),
(326,	19,	45,	'JustFab (Past Development)',	'a) Technologies: AngularJs, NodeJs\r\nb) Website: https://www.justfab.com',	NULL,	NULL,	NULL,	NULL,	'2021-08-20 14:39:13',	'2021-08-20 14:39:13'),
(327,	19,	45,	'RunLive (Past Development)',	'a) Technologies: NodeJs\r\nb) iOs: App Store',	NULL,	NULL,	NULL,	NULL,	'2021-08-20 14:39:13',	'2021-08-20 14:39:13'),
(343,	19,	40,	'Rovel Trading',	'Technologies: Laravel',	NULL,	NULL,	NULL,	NULL,	'2021-08-20 14:55:52',	'2021-08-20 14:55:52'),
(344,	19,	40,	'Sweekar landmark',	'Technologies: Laravel',	NULL,	NULL,	NULL,	NULL,	'2021-08-20 14:55:52',	'2021-08-20 14:55:52'),
(345,	19,	40,	' Ratan Property',	'Technologies: Laravel',	NULL,	NULL,	NULL,	NULL,	'2021-08-20 14:55:52',	'2021-08-20 14:55:52'),
(346,	19,	40,	'Apixall',	'Technologies: Laravel',	NULL,	NULL,	NULL,	NULL,	'2021-08-20 14:55:52',	'2021-08-20 14:55:52'),
(347,	19,	40,	'Skill Rashtra',	'Technologies: Laravel',	NULL,	NULL,	NULL,	NULL,	'2021-08-20 14:55:52',	'2021-08-20 14:55:52'),
(348,	18,	50,	'Padesignsusa.com Site – Eripples',	'Role: Frontend Developer.\r\nTools: React JS, NPM server.\r\nDetails:\r\nPA Designs USA has been the leader in jewelry manufacturing since 2008, recognized within the industry for\r\nfine craftsmanship, attention to detail and superior customer service. We are proud of the service we provide, and the special moments we help to create .',	NULL,	NULL,	NULL,	NULL,	'2021-08-20 15:18:01',	'2021-08-20 15:18:01'),
(349,	18,	50,	'247Bahamas Site – Eripples',	'Role:\r\n Frontend Developer.\r\nTools:\r\n React JS, Node JS, React Native, Firebase, Socket.IO\r\nDetails:\r\nThis project based complete Trucking System. It is used by Company and workers. Company hire agency and agency provide Vehicle facility for company and provide App for users for vehicle tracking system.',	NULL,	NULL,	NULL,	NULL,	'2021-08-20 15:18:01',	'2021-08-20 15:18:01'),
(350,	18,	50,	'Safe Travel Site – FXBYTES',	'Role:\r\n Frontend & Backend Developer.\r\nTools:\r\n Laravel Framework, Rest API for Android and IOS App, Postgres SQL, React JS, NPM server.\r\nDetails:\r\nThis project based complete Travel Management System. It is used by Agency and Company. Company hire agency and agency provide Vehicle fa cility for company and provide App for company employee for vehicle tracking system.',	NULL,	NULL,	NULL,	NULL,	'2021-08-20 15:18:01',	'2021-08-20 15:18:01'),
(351,	18,	50,	'Construction Site – FXBYTES',	'Role:\r\n Backend Developer.\r\nTools:\r\n PHP (MVC framework, CI framework, Core PHP), REST API, MYSQL.\r\nDetails:\r\nThis project based complete Construction Management Software Solution. It is used construction company in Australia. It product used for managing all construction side reports and many things.',	NULL,	NULL,	NULL,	NULL,	'2021-08-20 15:18:01',	'2021-08-20 15:18:01'),
(352,	18,	50,	'Epashudhan portal (Livestock App, AI Technician App) – In-Solutions Global Mumbai',	'Role:\r\n Backend Developer.\r\nTools:\r\n PHP (MVC framework, Slim framework), REST API, MYSQL.\r\nDetails:\r\nClient side: Work on The Ministry of Agriculture and Farmers Welfare, Govt. of India Powered by NPC &\r\nIndian CST. Created rest apis for two apps Live Stock and AI Techni cian. And created module in over admin side for managing and analytic Live Animal Counting and Selling by govt. epashuhaat Portal.',	NULL,	NULL,	NULL,	NULL,	'2021-08-20 15:18:01',	'2021-08-20 15:18:01'),
(353,	18,	50,	'Sav-EZ ( App, Admin panel website) – 47 Billion',	'Sav-EZ ( App, Admin panel website) – 47 Billion\r\nRole:\r\n Backend Developer.\r\nTools:\r\n PHP (Slim framework, Laravel Eloquent), REST API, PostgreSQL.\r\nDetails:\r\nThis app use for online shopping.',	NULL,	NULL,	NULL,	NULL,	'2021-08-20 15:18:01',	'2021-08-20 15:18:01'),
(354,	18,	50,	'agribolo. com – 47 Billion',	'Role:\r\n Backend Developer.\r\nTools:\r\n Word press CMS',	NULL,	NULL,	NULL,	NULL,	'2021-08-20 15:18:01',	'2021-08-20 15:18:01'),
(355,	18,	50,	'crm. agribolo.com – 47 Billion',	'Role:\r\n Backend Developer.\r\nTools:\r\n Vtiger CRM and Exotel.',	NULL,	NULL,	NULL,	NULL,	'2021-08-20 15:18:01',	'2021-08-20 15:18:01'),
(356,	18,	50,	'Agribolo App, Agribolo Survey App – 47 Billion',	'Role:\r\n Backend Developer.\r\nTools:\r\n Word press Rest Api.\r\nDetails:\r\nAgribolo-\r\n Agribolo is an initiative by Agrilife Technologies Private Limited, a symbiosis of Farmers and Professionals in the field of\r\nAgriculture, Technology, Research, Finance and Marketing, having culminated into a vision and mission of creating a unique and sustainable\r\nsolution for the entire agri ecosystem at large through a simple mobile phone interface web/app.\r\nMission-\r\n To increase the technical, economic, social, leadership skills and knowledge of farmers by helping them to become organized in\r\ntheir sector and create a decentralised extension and market linkages model that is transparent, accountable and sustainable.\r\nagribolo. com',	NULL,	NULL,	NULL,	NULL,	'2021-08-20 15:18:01',	'2021-08-20 15:18:01'),
(357,	18,	50,	'idcg-intl.com – 47 Billion',	'Role:\r\n Backend Developer.\r\nTools:\r\n Word press CMS.\r\nDetails:\r\nIt is use for add projects and details.\r\nidcg-intl.com',	NULL,	NULL,	NULL,	NULL,	'2021-08-20 15:18:01',	'2021-08-20 15:18:01'),
(358,	18,	50,	'smartsaugor.com – 47 Billion',	'Role:\r\n Frontend & Backend Developer.\r\nTools:\r\n PHP, Slim framework, Laravel Eloquent, MySQL, Angular JS, JQuery, grunt, gulp server.\r\nDetails:\r\nIt is use for Government Army. It is work as Complaint management system. It have three part Admin panel,\r\nuser panel and operator panel.\r\nsmartsaugor.com',	NULL,	NULL,	NULL,	NULL,	'2021-08-20 15:18:01',	'2021-08-20 15:18:01'),
(359,	18,	50,	'Agoranza – 47 Billion',	'Role:\r\n Backend Developer.\r\nTools:\r\n PHP, MVC Structure, MySQL, Ajax, JQuery, Javascript.\r\nDetails:\r\nEarn money for sharing and watching Ads. Win awesome deals for free!\r\n Dare to win a challenge with Agoranza for a product you so keenly desire. If you get to complete the challenge the product\r\nwould be yours, no money involved. All you need to do is share some advertisement videos among your Agoranza network.\r\nFulfill the required number of views and the deal is yours.\r\n But it does not end here. Somehow if you are not able to claim the product, each view will give you p ocketful of money. Collect\r\nmore and more and do whatever you want with it.',	NULL,	NULL,	NULL,	NULL,	'2021-08-20 15:18:01',	'2021-08-20 15:18:01'),
(360,	18,	50,	'Alpha. agoranza.com',	'72fit – 47 Billion\r\nRole:\r\n Frontend & Backend Developer.\r\nTools:\r\n PHP, Slim framework, MySQL, Angular JS, JQuery.\r\nDetails:\r\nIn this product Search Doctors and Book Appointment.\r\nAlpha.72fit.com',	NULL,	NULL,	NULL,	NULL,	'2021-08-20 15:18:01',	'2021-08-20 15:18:01'),
(361,	18,	50,	'designattitude.in – 47 Billion',	'Role:\r\n Backend Developer.\r\nTools:\r\n PHP,MVC Structure, MySQL, Ajax, JQuery.\r\nDetails:\r\nIt is used for employee data management.\r\ndesignattitude.in',	NULL,	NULL,	NULL,	NULL,	'2021-08-20 15:18:01',	'2021-08-20 15:18:01'),
(362,	18,	51,	'Gardiant',	'JULY 2019 – Current\r\n Modern case management platform for professionals in workers compensation\r\n Organize case information and easily manage case milestones\r\n Seamless integration with Claim and Account center means worry free progress reports\r\ntracking and submission\r\n Make better, faster and more informed decisions by ‘Smart Claim Update Notification’\r\n Save hours of time byautomated Claim and Account Center ‘Claim Discovery and\r\ndownloads’',	NULL,	NULL,	NULL,	NULL,	'2021-08-20 16:11:43',	'2021-08-20 16:11:43'),
(363,	18,	51,	'Department Of Health',	'AUGUST 2018 – JUNE2019\r\n Administrative system to keep track of the orphanage children within states and outside\r\nstates in US.\r\n Various functionalities like search, add new child, refer a child to other agency, their\r\ndocumentation records, user’s maintenance for admin users.\r\n Reporting dashboards to visualize child or an agency history and their records',	NULL,	NULL,	NULL,	NULL,	'2021-08-20 16:11:43',	'2021-08-20 16:11:43'),
(364,	18,	51,	'BrighSteps',	'AUGUST 2016 – MARCH2018\r\n Projectaimedtowardsprovidinga developmentplan forchildren frombirth andupto 5\r\nyears.\r\n Variousdashboards tocreatememoriesforachild, surveyformstoensurethe\r\ndevelopment process and suggested results based on survey forms.\r\n Applicationprovided an admin user to add up to 3children under the development plan,\r\ninvite family members to analyse the child growth.\r\n Providedthe feasibility for the users toget variousupdatesaboutachildthrough SMS\r\nand also fill up surveys via SMS',	NULL,	NULL,	NULL,	NULL,	'2021-08-20 16:11:43',	'2021-08-20 16:11:43'),
(369,	18,	53,	'Nojum',	'Nojum is a product where parents can keep their eyes on their\r\nchildren’s growth.',	NULL,	NULL,	NULL,	NULL,	'2021-08-20 16:36:55',	'2021-08-20 16:36:55'),
(370,	18,	53,	' Tailor Book',	'It is a measurement app for tailor',	NULL,	NULL,	NULL,	NULL,	'2021-08-20 16:36:55',	'2021-08-20 16:36:55'),
(371,	18,	53,	'Kaizen',	'Daily Goal creation, Achievement notes, Music Player',	NULL,	NULL,	NULL,	NULL,	'2021-08-20 16:36:55',	'2021-08-20 16:36:55'),
(372,	18,	53,	'RAB',	'E-commerce jewelry App',	NULL,	NULL,	NULL,	NULL,	'2021-08-20 16:36:55',	'2021-08-20 16:36:55'),
(373,	18,	53,	'Why Sooo Serious',	'In the app the parent can enter the target for 6 activities for multiple\r\nchildren.',	NULL,	NULL,	NULL,	NULL,	'2021-08-20 16:36:55',	'2021-08-20 16:36:55'),
(374,	18,	53,	'Plus Me',	'Plus Me is a Plus Size and Curvy fashion app where you can inspire\r\nand become inspired',	NULL,	NULL,	NULL,	NULL,	'2021-08-20 16:36:55',	'2021-08-20 16:36:55'),
(375,	18,	53,	'Gallary Lite',	'Gallary app to store photos',	NULL,	NULL,	NULL,	NULL,	'2021-08-20 16:36:55',	'2021-08-20 16:36:55'),
(376,	18,	53,	'Spotjo',	'Jobportal App, Jobseeker login, Company login, Guest\r\nlogin',	NULL,	NULL,	NULL,	NULL,	'2021-08-20 16:36:55',	'2021-08-20 16:36:55'),
(377,	18,	53,	'ECL ECAR',	'Taxi App, Rider Flow, Driver Flow, Book Ride, Wallet Management,\r\nLive location, etc..',	NULL,	NULL,	NULL,	NULL,	'2021-08-20 16:36:55',	'2021-08-20 16:36:55'),
(378,	18,	54,	'Freight Tool ',	'Freight-Tool is a Web Application for the Freight Forwarding \r\nIndustry- ideally suited for medium and large sized \r\norganizations. Freight-Tool supports the entire Business \r\nProcess consisting of Sales Financial Accounts and MIS, \r\nInquiries, Customer-Service, Operations & Documentation, \r\nCustoms Clearance, Warehousing, Groupage/Consolidation, \r\nBilling. Freight-Tool addresses the needs of the Air Exports, \r\nSea Exports, Air Imports and Accounts departments through \r\nloosely integrated applications.',	NULL,	NULL,	NULL,	NULL,	'2021-08-20 16:55:47',	'2021-08-20 16:55:47'),
(379,	18,	54,	'BIZ COMPILER Tool',	'BizCompiler tool is a desktop application tool like compiler for “.crs” file which is used for frontend designing \r\nfor client’s insurance company, By BizCompiler tool it is able to recognize compile time error and warns about \r\ncoding\r\nstandard.Itgenerateserrorfileagainstevery“.crs”file.andpointsoutthelocationoferroranditisabletocorrect also \r\nthe error. It is able to find out error related to constants, Function not found, Undefined variable etc.',	NULL,	NULL,	NULL,	NULL,	'2021-08-20 16:55:47',	'2021-08-20 16:55:47'),
(380,	18,	54,	'App Rebuild',	'App Rebuild is a web application. Which is useful for Office employees of Zenkyouren. Here they use it to \r\nmaintain\r\ncustomer’srecord,theirinsurancepolicies.Itiscapabletomaintainalltypeofinsurancelike –houseinsurance,\r\nvechicle insurance etc.',	NULL,	NULL,	NULL,	NULL,	'2021-08-20 16:55:47',	'2021-08-20 16:55:47'),
(385,	18,	56,	'Punjabi Audible (Web/Mobile app) ',	'Punjabi Audible focused on managing audible \r\nbooks like scheduling services of rated books , \r\nmanaging books related details, handling service \r\nrelated complaints and feedback etc.\r\n',	NULL,	NULL,	NULL,	NULL,	'2021-08-20 17:06:42',	'2021-08-20 17:06:42'),
(386,	18,	56,	'GUP',	'It is same like as social medial app in which people \r\ncan share and send friend request as respect to \r\nvilla .',	NULL,	NULL,	NULL,	NULL,	'2021-08-20 17:06:42',	'2021-08-20 17:06:42'),
(387,	18,	56,	'MMO ',	'Users create services - specific profiles for the site \r\nor app that are designed and maintained by the \r\nsocial media organization .Managing the \r\norganization with lots of configure like lock the \r\ntask while using timer and see the result in \r\ngraphical representation.',	NULL,	NULL,	NULL,	NULL,	'2021-08-20 17:06:42',	'2021-08-20 17:06:42'),
(388,	18,	56,	'BICT',	'ebsite Development for IELTS,PTE, TOEFL \r\ncoaching based client',	NULL,	NULL,	NULL,	NULL,	'2021-08-20 17:06:42',	'2021-08-20 17:06:42'),
(389,	18,	56,	'Philance',	'An open source platform for social impact projects\r\nbuilt in react.js and node.js\r\n',	NULL,	NULL,	NULL,	NULL,	'2021-08-20 17:06:42',	'2021-08-20 17:06:42'),
(394,	19,	49,	'Leadr',	'a) Technologies: React Js, NodeJS\r\nb) Web Url: https://www.leadr.com/',	NULL,	NULL,	NULL,	NULL,	'2021-08-20 17:14:31',	'2021-08-20 17:14:31'),
(395,	19,	49,	'Storzzz',	'a) Technologies: React Native, NodeJS\r\nb) iOs: App Store\r\nc) Android: Play Store\r\n',	NULL,	NULL,	NULL,	NULL,	'2021-08-20 17:14:31',	'2021-08-20 17:14:31'),
(396,	19,	49,	'Mane Emergency ME',	'a) Technologies: React Native, NodeJS\r\nb) iOs: App Store\r\nc) Android: Play Store\r\n',	NULL,	NULL,	NULL,	NULL,	'2021-08-20 17:14:31',	'2021-08-20 17:14:31'),
(397,	19,	49,	'APlus The School App',	'a) Technologies: iOs Application, NodeJS\r\nb) iOs: App Store',	NULL,	NULL,	NULL,	NULL,	'2021-08-20 17:14:31',	'2021-08-20 17:14:31'),
(398,	19,	49,	'The Billionaires league App',	'a) Technologies: Ionic, NodeJs\r\nb) iOs: App Store\r\nc) Android: Play Store\r\n',	NULL,	NULL,	NULL,	NULL,	'2021-08-20 17:14:31',	'2021-08-20 17:14:31'),
(399,	19,	49,	'Audio Killer Live',	'a) Technologies: AngularJs, NodeJs\r\nb) Website: https://muchokids.com',	NULL,	NULL,	NULL,	NULL,	'2021-08-20 17:14:31',	'2021-08-20 17:14:31'),
(400,	19,	49,	'SmartOPT (Past Development)',	'a) Technologies: Ionic, NodeJS\r\nb) Website: https://www.justfab.com',	NULL,	NULL,	NULL,	NULL,	'2021-08-20 17:14:31',	'2021-08-20 17:14:31'),
(401,	19,	49,	'RunLive (Past Development)',	'a) Technologies: NodeJs\r\nb) iOs: App Store',	NULL,	NULL,	NULL,	NULL,	'2021-08-20 17:14:31',	'2021-08-20 17:14:31'),
(402,	19,	47,	'Leadr',	'a) Technologies: React Js, NodeJS\r\nb) Web Url: https://www.leadr.com/\r\n',	NULL,	NULL,	NULL,	NULL,	'2021-08-20 17:16:00',	'2021-08-20 17:16:00'),
(403,	19,	47,	'A Plus School App (iOS App)',	'a) Technologies: Swift for App and NodeJS\r\nb) App URL:\r\nhttps://apps.apple.com/de/app/aplus-the-school\r\n-app/id1277200087',	NULL,	NULL,	NULL,	NULL,	'2021-08-20 17:16:00',	'2021-08-20 17:16:00'),
(404,	19,	47,	'Peachy Notes (iOS App)',	'a) Technologies: Swift for App and NodeJS\r\nb) App URL:\r\nhttps://apps.apple.com/us/app/peachy-notes/id\r\n1562077248?app=itunes&ign-mpt=uo%3D4',	NULL,	NULL,	NULL,	NULL,	'2021-08-20 17:16:00',	'2021-08-20 17:16:00'),
(405,	19,	47,	'Secure Parking',	'a) Technologies: Laravel 7, Vue Js(For calculating\r\nparking amount)\r\nb) Web Url: http://secureparking.co.in/',	NULL,	NULL,	NULL,	NULL,	'2021-08-20 17:16:00',	'2021-08-20 17:16:00'),
(406,	19,	47,	'Panoply',	'a) Technologies: Angular Js, Laravel\r\nb) Web Url: http://www.panoply-consultancy.com/',	NULL,	NULL,	NULL,	NULL,	'2021-08-20 17:16:00',	'2021-08-20 17:16:00'),
(407,	19,	47,	'Indifoot',	'a) Technologies: Laravel\r\nb) Website: https://www.indifoot.com/',	NULL,	NULL,	NULL,	NULL,	'2021-08-20 17:16:00',	'2021-08-20 17:16:00'),
(408,	19,	47,	'Audio Killer Live',	'a) Technologies: AngularJs, Laravel\r\nb) Website: http://www.audiokillerslive.com/',	NULL,	NULL,	NULL,	NULL,	'2021-08-20 17:16:00',	'2021-08-20 17:16:00'),
(413,	18,	57,	'Messenger Application',	'Solely created the whole app on MEAN Stack framework\r\nand completed this application in time span of 18 days.',	NULL,	NULL,	NULL,	NULL,	'2021-08-20 17:17:44',	'2021-08-20 17:17:44'),
(414,	18,	57,	'Sensor-U Application',	'The project was created by the team of 7 people in which I contributed as the Angular developer. I integrated Backend APIs and designed the frontend for better user experience',	NULL,	NULL,	NULL,	NULL,	'2021-08-20 17:17:44',	'2021-08-20 17:17:44'),
(415,	18,	57,	'Hotel Management Website',	': The project comprised of 8 people in which I contributed as the frontend developer(Angular).I also integrate the google calendar to the website through which client could access his Google calendar timeline and his important marked dates',	NULL,	NULL,	NULL,	NULL,	'2021-08-20 17:17:44',	'2021-08-20 17:17:44'),
(416,	18,	57,	'Ticket Management Application',	': The projectwas created by two people only,\r\nThe backend guy for APIs and me for the frontend parts. We deployed the app using\r\nAWS.\r\n',	NULL,	NULL,	NULL,	NULL,	'2021-08-20 17:17:44',	'2021-08-20 17:17:44'),
(485,	18,	52,	'InGoat',	'Tools:\r\nReactJS\r\nRedux\r\nHTML5\r\nCSS3\r\nNodeJS\r\n\r\n> Create winning campaigns by collaborating with winning influencers. View insights,\r\nratings and performance of your influencers you collaborate with and their posts on\r\nInstagram, Youtube and Twitch.',	NULL,	NULL,	NULL,	NULL,	'2021-08-24 17:40:13',	'2021-08-24 17:40:13'),
(486,	18,	52,	'Veegs',	'Tools:\r\nReactJS\r\nRedux\r\nNextJS\r\nHTML5\r\nCSS3\r\nNodeJS\r\n> VEEGS offers cruelty-f ree ',	NULL,	NULL,	NULL,	NULL,	'2021-08-24 17:40:13',	'2021-08-24 17:40:13'),
(487,	18,	52,	'Sparkly',	'Tools:\r\nReactJS\r\nRedux\r\nNextJS\r\nHTML5\r\nCSS3\r\nNodeJS\r\n\r\n> Smar t-suggestion gifting technology! Find the ul timate gifts for your favorite people,\r\nwhatever the occasion. Queue the search for smar t-suggestion gifting technology that\r\nmakes finding and purchasing gifts (that don’ t suck!), simple and stress-f ree.',	NULL,	NULL,	NULL,	NULL,	'2021-08-24 17:40:13',	'2021-08-24 17:40:13'),
(488,	18,	52,	'Live Match Tracker',	'Tools:\r\nReactJS\r\nRedux\r\nHTML5\r\nCSS3\r\nNodeJS\r\n> Cricket Live Tracker widget developed in ReactJS which can be integrated on any\r\nwebsite. This ReactJS Widget will display the live cricket score data which will be\r\nadded by admin/staff f rom back end web panel. Any data added by admin/staff f rom\r\nback end web panel will be displayed on the f ront-end widget with respect to specific\r\nevent ID for that match.',	NULL,	NULL,	NULL,	NULL,	'2021-08-24 17:40:13',	'2021-08-24 17:40:13'),
(489,	18,	55,	'InGoat',	'Tools:\r\nReactJS\r\nRedux\r\nHTML5\r\nCSS3\r\nNodeJS\r\n\r\n> Create winning campaigns by collaborating with winning influencers. View insights,\r\nratings and performance of your influencers you collaborate with and their posts on\r\nInstagram, Youtube and Twitch.\r\n',	NULL,	NULL,	NULL,	NULL,	'2021-08-24 17:40:55',	'2021-08-24 17:40:55'),
(490,	18,	55,	'Tradee',	'Tools:\r\nReactJS\r\nRedux\r\nHTML5\r\nCSS3\r\nNodeJS\r\n\r\n>  Tradee is a mobile and web application which lets its users find and hire tradees for\r\nvarious types of services and also helps the tradees to find suitable jobs for them.\r\nThe website mainly focuses on the New Zealand area which is later planned to be\r\nendorsed in more regions.',	NULL,	NULL,	NULL,	NULL,	'2021-08-24 17:40:55',	'2021-08-24 17:40:55'),
(491,	18,	55,	'Veegs',	'Tools:\r\nReactJS\r\nRedux\r\nHTML5\r\nCSS3\r\nNodeJS\r\n> VEEGS offers cruelty-f ree ',	NULL,	NULL,	NULL,	NULL,	'2021-08-24 17:40:55',	'2021-08-24 17:40:55'),
(492,	18,	55,	'Elitenannies',	'Tools:\r\nReactJS\r\nRedux\r\nHTML5\r\nCSS3\r\nNodeJS\r\n> Elite Nannies is a prestigious nanny agency specializing in career nannies in Los\r\nAngeles and New York, who are also trained and qualified in an additional profession to\r\nchildcare.',	NULL,	NULL,	NULL,	NULL,	'2021-08-24 17:40:55',	'2021-08-24 17:40:55'),
(577,	24,	61,	'Online Auction System',	'Software development projects are are an integral part of a Software Engineer/Developer’s career graph. Once you attain the requisite knowledge and skills in software development, if you don’t put that knowledge and expertise to test, they’ll be of little or no use. This is why Software Developers readily take on software development projects immediately after completing their formal education. ',	'https://www.upgrad.com/blog/software-development-project-ideas-topics-for-beginners/',	NULL,	NULL,	NULL,	'2021-08-26 11:29:26',	'2021-08-26 11:29:26'),
(598,	18,	58,	' Terminal Broadcasting',	'Project on title Terminal Broadcasting based on Java (Socket Programing) work like a messaging app.\r\nUsed Technologies:\r\n Backend: JAVA\r\n Frontend: Html, CSS',	'',	NULL,	NULL,	NULL,	'2021-09-03 10:24:19',	'2021-09-03 10:24:19'),
(599,	18,	58,	'Communication app for school',	'Project on Communication app for school where they can create own chat room. They can send message\r\n(in any format) class wise as well as group wise without sharing contact number. They can also manage\r\ndetail of users.\r\nUsed Technologies:\r\n Android and Firebase',	'',	NULL,	NULL,	NULL,	'2021-09-03 10:24:19',	'2021-09-03 10:24:19'),
(600,	18,	58,	'SKYWAYRE',	'Communication app for Organizations in which two app, one app work as admin and the other\r\nfor work as receiver\r\nUsed Technologies:\r\n Android and Firebase',	'',	NULL,	NULL,	NULL,	'2021-09-03 10:24:19',	'2021-09-03 10:24:19'),
(601,	18,	58,	'ICL 99: Gaming App',	'Used Technologies: -\r\n Backend: Node.js\r\n Database: MySQL\r\n Frontend: React Native',	'',	NULL,	NULL,	NULL,	'2021-09-03 10:24:19',	'2021-09-03 10:24:19'),
(602,	18,	58,	'Ovgilee: Product Delivery App name ',	'Used Technologies: -\r\n Backend: Node.js\r\n Database: MySQL\r\n Frontend: React Native',	'',	NULL,	NULL,	NULL,	'2021-09-03 10:24:19',	'2021-09-03 10:24:19'),
(603,	18,	58,	'Dating App',	'Used Technologies: -\r\n Backend: Node.js\r\n Database: MySQL\r\n Frontend: React Native',	'',	NULL,	NULL,	NULL,	'2021-09-03 10:24:19',	'2021-09-03 10:24:19'),
(604,	18,	58,	'One Health',	': It is mobile based application for health monitoring of patient.\r\n User can add blood glucose reading\r\n User can add blood pressure reading\r\n Diet\r\n Physical Activity\r\n Generate health report\r\nUsed Technologies: -\r\n React native\r\n Django.',	'',	NULL,	NULL,	NULL,	'2021-09-03 10:24:19',	'2021-09-03 10:24:19'),
(605,	18,	58,	'Madfornails Customer Care Portal',	': It enables the user interaction between the Customer Care executive\r\nto easily manage the product\r\nUsed Technologies:\r\n React.js\r\n JavaScript\r\n',	'',	NULL,	NULL,	NULL,	'2021-09-03 10:24:19',	'2021-09-03 10:24:19'),
(606,	18,	58,	'CoinEnd',	': A betting platform built on Ethereum for betting against future price of different crypto\r\ncurrencies and based on event completion Ethers are awarded to the winner. Admin role is to create events\r\nand issue registration tokens.\r\nUsed Technology:\r\n ReactJS\r\n Node.js\r\n Ethereum',	'',	NULL,	NULL,	NULL,	'2021-09-03 10:24:19',	'2021-09-03 10:24:19'),
(607,	18,	58,	'HR Chatbot',	'Helps employees with their queries, Books appointments for them, Serves surveys for\r\nemployees etc.\r\nUsed Technologies:\r\n ReactJS\r\n AWS',	'',	NULL,	NULL,	NULL,	'2021-09-03 10:24:19',	'2021-09-03 10:24:19'),
(609,	3,	63,	'Unicorn UI',	'Unicorn UI',	'http://unicornui.com/',	NULL,	NULL,	NULL,	'2021-09-06 17:43:33',	'2021-09-06 17:43:33'),
(617,	3,	64,	'1',	'1',	'https://play.google.com/store/apps/details?id=com.rto.carinfo',	NULL,	'https://play.google.com/store/apps/details?id=com.rto.carinfo',	'https://play.google.com/store/apps/details?id=com.rto.carinfo',	'2021-09-08 13:56:45',	'2021-09-08 13:56:45'),
(618,	3,	64,	'3',	'1',	'1',	NULL,	'1',	'1',	'2021-09-08 13:56:45',	'2021-09-08 13:56:45'),
(638,	46,	65,	'Happy Enterprise (ERP)',	'Asp .Net With C#, Linq With Entity Framework, Crystal Reports, SQL, Windows Form Third Party Controls.',	'',	NULL,	'',	'',	'2021-09-08 17:28:20',	'2021-09-08 17:28:20'),
(639,	46,	65,	'Blue Star Travels , Richa Travels, PGI , Pay point Card, Atlas Travels , FlighMyWeb',	'Asp .Net With C#, SQL Server (Trigger, Stored Procedures, Function).',	'',	NULL,	'',	'',	'2021-09-08 17:28:20',	'2021-09-08 17:28:20'),
(640,	46,	65,	'Reeleezee Accounting',	'OCR analysis with image processing, Angular, Typescript. Web API.',	'',	NULL,	'',	'',	'2021-09-08 17:28:20',	'2021-09-08 17:28:20'),
(641,	46,	65,	'IPMS with trademark system, Qutone Ceramic, JJC Business word, Web Payroll Mobile Application, Visitor management system, TRL SOS',	'Web API, Rest API with asp.net core, Firebase Messages, Soap web services, MVC framework with .net, SQL server, Message integration.',	'',	NULL,	'',	'',	'2021-09-08 17:28:20',	'2021-09-08 17:28:20'),
(650,	46,	66,	'Incident Control Room',	'The purpose of this project was to overcome any kind of incident occurring in an industry. With the help of this project, one can easily have the audit of action performed at the time of a particular incident. Moreover, the project also covers various roles of users, and as per their roles and permission access rights were given accordingly. \r\nPlatform:- C# ,Web API, AngularJS ,Sqlserver. \r\nRoles:- Software developer, Analyze various modules and API development for mobile team.',	'',	NULL,	'',	'',	'2021-09-08 18:01:12',	'2021-09-08 18:01:12'),
(651,	46,	66,	'IIAA-Hub',	'The purpose of this project was to manage the customer appointments for the saloon. Also in addition to this was used to manage all the internal procedures of the saloon. Also for the analysis report, various pdf and CSV were provided. \r\nPlatform:- C#, Windows Services, Scheduler, Winforms.\r\nRoles:- Software developer, Attended client call to analyze requirements. Worked on various modules.',	'',	NULL,	'',	'',	'2021-09-08 18:01:12',	'2021-09-08 18:01:12'),
(652,	46,	66,	'Incident Control Room (windows phone application)',	'The application was developed for Microsoft windows phone serving all the basic concepts of the Incident control room project. Moreover, the application was developed in a way in which it can be used online and offline mode also. \r\nPlatform:- C#, XAML, SQLite. \r\nRoles:- Sr Software developer, Guided team on the basis of requirement received and worked on setting up a project architecture. \r\n',	'',	NULL,	'',	'',	'2021-09-08 18:01:12',	'2021-09-08 18:01:12'),
(653,	46,	66,	'Studder Innotec',	'This application was basically developed in order to manage high-end electronic equipment remotely. Status and connectivity level of equipments was displayed by consuming API and on basis of role and permission required operations were performed accordingly. \r\nPlatform:- C#, Web API, Angular5, Sqlserver. \r\nRoles:- Technical lead, Organize daily scrums as scrum master and lead team to develop various modules and was part of the architecture team.',	'',	NULL,	'',	'',	'2021-09-08 18:01:12',	'2021-09-08 18:01:12'),
(654,	46,	66,	'Electronic Compilance Audit Tool',	'The purpose of this project is to provide a flexible, intelligent, mobile solution that enables users to manage auditing without IT people. Moreover, it would also help to get an instant, accurate and complete picture of the state or status of anything so that they can better manage their operation. \r\nPlatform:- C#, Web API, Angular6, Sqlserver, Azure Cloud Storage. \r\nRoles:- Technical lead, Core part of the project handled communication between web and mobile team. Design Project solution, Code review, and developed complex module.',	'',	NULL,	'',	'',	'2021-09-08 18:01:12',	'2021-09-08 18:01:12'),
(655,	46,	66,	'My-Edentist',	'My Edentist App is the application for dentists to manage their patients and daily schedules such as appointments surgeries etc. They can use any of the desktop app or mobile apps. Also, patients can log in through\r\napp to check their reports and treatment statuses. \r\nPlatform:- Angular 8. \r\nRoles:- Sr. Developer, Created architecture which can be used by other dev to speed up the project work.\r\n',	'',	NULL,	'',	'',	'2021-09-08 18:01:12',	'2021-09-08 18:01:12'),
(656,	46,	66,	'National Rehabilitation Center',	'The website was implemented in .Net Core along with a 3rd Party CMS framework. Additionally, API was also created for the same application, in .Net that was consumed by various third-party developers. \r\nPlatform:- .Net Core. \r\nRoles:- Technical Lead, Involved in the whole requirement gathering process also had setup CMS architecture and developed various complex modules.',	'',	NULL,	'',	'',	'2021-09-08 18:01:12',	'2021-09-08 18:01:12'),
(657,	46,	66,	'My Engineering Drawing',	'The front end was in Angular 9 and the backend, as well as API, was created in .Net Core. Which was consumed by mobile applications. The app is about generating various engineering drawings based on the different inputs given by users. It also has a payment gateway feature integrated with it. \r\nPlatform:- Angular 9 , .Net Core.\r\nRoles:- Core Member of the team and worked on various modules of that. Also guided team member as and when required and knowledge transfer for better understanding.',	'',	NULL,	'',	'',	'2021-09-08 18:01:12',	'2021-09-08 18:01:12'),
(658,	46,	67,	'HEALTHWIX',	'This is an online system developed for doctors, hospitals, and patients to book appointments, manage history and health problems. Using HIPPA compliance. \r\nTechnologies:- asp.net MVC, SQL Server, LINQ, WEB API, EF, jQuery, Bootstrap, Microsoft Azure for hosting and managing scheduler functionality.',	'',	NULL,	'',	'',	'2021-09-08 18:15:14',	'2021-09-08 18:15:14'),
(659,	46,	67,	'IRON ART ORION',	'This is fully B2B web app developed for a drapery hardware manufacturing company and there are two types of web applications developed like front end and backend for managing whole the website’s content and data. \r\nTechnologies:- asp.net MVC, Sql Server, LINQ, WEB API, EF, Angular7, Angular Universal.',	'',	NULL,	'',	'',	'2021-09-08 18:15:14',	'2021-09-08 18:15:14'),
(660,	46,	67,	'DENTAL VISIT',	'This is a doctor-patient appointment booking online system for the dental health provider. \r\nTechnologies:- asp.net MVC, Sql Server, LINQ, WEB API, EF, KnockoutJS, Bootstrap.',	'',	NULL,	'',	'',	'2021-09-08 18:15:14',	'2021-09-08 18:15:14'),
(661,	46,	67,	'FIOS HOME',	'Buy, Sell and Rent the property. There are four types of users are registered into the system Builders, Agents and Buyers, and Guest Users. \r\nTechnologies:- asp.net MVC, Sql Server, LINQ, WEB API, EF, Bootstrap.',	'',	NULL,	'',	'',	'2021-09-08 18:15:14',	'2021-09-08 18:15:14'),
(662,	46,	67,	'IMS Time Integration',	'This is a time tracking system for employees of IMS Expert. IMS experts work in the service industry which are providing different services to their clients. IMS expert employee is regularly working with their clients but they did not know how much time they spent so, they decide to create a one-time tracking application\r\nwhich is track time of employee regular work with their clients and month-end salary will be calculated base on their work hours. \r\nTechnologies:- asp.net MVC, Sql Server, LINQ, WEB API, EF, jQuery, Bootstrap, Crystal report.',	'',	NULL,	'',	'',	'2021-09-08 18:15:14',	'2021-09-08 18:15:14'),
(663,	46,	68,	'Real-Estate Web app',	'A web application for a real estate broker which helps them to maintain their customer’s account, status, and information regarding their properties. A broker can have a report about currently rented properties or open for sell etc. at one click. Properties owner also can list their properties to rent or sell. The application works as a bridge between broker and property owner. \r\nTechnologies:- ASP.NET Framework 3.5 / C# / SQL Server.',	'',	NULL,	'',	'',	'2021-09-08 18:35:46',	'2021-09-08 18:35:46'),
(664,	46,	68,	'Eman Research',	'Eman Research is a leading publisher and Science Platform. This website publishes books,\r\njournals and articles covering a wide range of scientific disciplines, including medical, biomedical, agriculture, plant and animal sciences, chemistry, health, and environment. The product ranges include journals, books, and magazines both in digital and print formats. It also offers a range of services that complement publishing and communication of science i.e. Workshops: which develop scientific writing and application skills. The author will write the articles if any changes then the editor will do the editing and afterward it will be published. \r\nTechnologies:- ASP.NET MVC/ C# / SQL Server.',	'',	NULL,	'',	'',	'2021-09-08 18:35:46',	'2021-09-08 18:35:46'),
(665,	46,	68,	'Healthwix',	'This is a healthcare domain mainly patient-centric website. List of registered hospitals are listed and the information of the associated doctors. Data of hospitals and doctors come from the NPI registry. Once, the patient gets registered it will cover all the details of the patient including illness, allergy, and insurance info. The patient will be able to search the doctors according to their illness and can book the appointment as they are comfortable with. In this particular healthcare domain all the medical and pharmaceuticals facilities are available, so the patient doesn’t have to search everywhere. What they need is all on one platform. \r\nTechnologies:- ASP.NET Framework 2.0 / C# / SQL Server/LINQ.',	'',	NULL,	'',	'',	'2021-09-08 18:35:46',	'2021-09-08 18:35:46'),
(666,	46,	68,	'Krishna Stamping',	'Krishna Stamping is the manufacturer and exporter of Electrical Stamping and laminations\r\ncompany. Its manufacture’s different electrical equipment’s such as Submersible Pump, C/DC motors, Induction motor, Fan, Compressor, Lift& heavy-duty, and many more. Moreover, it offers the services like Riveting, Auto-stack, Auto skewed, Punching, Auto Argon Wielding, and so on. Krishna Electricals is in continuous improvement of technology and meeting customer’s expectations.\r\nTechnologies:- ASP.NET Framework 2.0 / C# / SQL Server.',	'',	NULL,	'',	'',	'2021-09-08 18:35:46',	'2021-09-08 18:35:46'),
(667,	46,	68,	'Asuivre',	'Asuivre is a website for apparel and fashion. It is a platform in which the user be able to see the various brands in clothing, footwear, and accessories, the latest collections, and the shops where it is available. Also, gift vouchers are available if any user wants to give a present to someone on any occasion. The additional feature of the website is, it has Google Maps integration and users can find their parking spot at the available shop.\r\nTechnologies:- ASP.NET DNN / C# / SQL Server 2005.',	'',	NULL,	'',	'',	'2021-09-08 18:35:46',	'2021-09-08 18:35:46'),
(671,	50,	69,	'Employee Management System',	'Employee management system is a product from client. Dynamic caching, employee management, organization management, trace request, etc. are a few of the important modules. \r\n\r\nResponsibilities:- Develop Employee management Application with Spring boot in backend integration with Angular in the frontend with validations and authentication, export the details. Collaboration with tech lead and team regarding requirements and issues. Manage back-end such as create database, rest API. Involved in feature development, bug fix. Testing and Bug Fixing.',	'',	NULL,	'',	'',	'2021-09-09 14:37:00',	'2021-09-09 14:37:00'),
(672,	50,	69,	'Vivocity',	'Vivocity is a combination of multiple systems which work together to manage. The user management, vendor management, Shopping details, admin management, Rewards management, and the allocation. It tracks the user’s purchase cart and the details status.\r\n\r\nResponsibilities: Manage back-ends such as create a database, rest API Collaboration with the tech lead and the team regarding requirements and issues. Involved in feature development, bug fix\r\nCreate frontend by making templates login, dashboard templates Dashboard creation which is different according to the user authorization. Multiple functionalities like the Notifications, Email generation after user register, user buy the product, vendor register, vendor request, admin accept the request Show offers, rewards during some interval using the business logic. Create details templates, testing, bug fixing\r\n',	'',	NULL,	'',	'',	'2021-09-09 14:37:00',	'2021-09-09 14:37:00'),
(679,	29,	62,	'SSO and OMS',	'Tools	: J2EE, JDBC, JBPM, Kafka, log4j, Swager\r\nDatabase	: MySQL\r\nWeb server	: Jboss eap 6.4 and 7.2\r\nArchitecture	: Distributed Microservices\r\nRole	: Application design and web services 	  development\r\nTeam size	: 5\r\nDescription	: → I worked on 2 modules, one is OMS(Order Management Service), which do order processing of SIM and related products. In this project I do new feature development and bug fixing based on assigned CR to me. \r\n	→ The second module is SSO(Single Sign On) capability, where I created project from the beginning. I created J2EE web service project and integrate Kafka for event publishing. This SSO provide user login by different methods and then generate token. It also manages the profile of the users.',	'',	'',	'',	'',	'2021-09-10 10:09:52',	'2021-09-10 10:09:52'),
(680,	29,	62,	'WovVIA',	'Tools	:  Spring, Hibernate, Jersey, Drool Rules\r\nDatabase	: MySQL, Redis, Angular8\r\nWeb server	: Tomcat\r\nRole	: Requirement understanding, 	development and deployment on 	servers\r\nTeam size	: 5\r\nDescription	: This project is all about the Intelligent Analysis, and surveys. Users create survey using the builder component and then release it. Then users publish it via different media, like direct web link, via social media, via Email and some other way also. Then people take the survey and then we show different kind of analysis of the user response.\r\n	I have integrated SalesForce APEX API where we send the processed information. I have integrated SendGrid for send emails. \r\n	→ I do fixes and changes in the Angular8 code and we used DevExpress components to build UI. We use DevExpress tables and forms to build UI and also worked on JavaScript code to make survey component integration.',	'',	'',	'',	'',	'2021-09-10 10:09:52',	'2021-09-10 10:09:52'),
(681,	50,	70,	'Quote Request Form',	'Quote Request Form Project is for generating quotes and the purpose of this project is to customize and maintain the quotes. This will be archive using the alfresco, Spring Boot, and Angular for UI.\r\n \r\nTechnology stack:- Java, Spring boot, APS - Alfresco Process Service 1.8.1, APW - Alfresco Process Workspace. \r\n\r\nResponsibilities/Accomplishments:- Development of QRF FORM PDF, Development of QRF PDF Services, Development of QRF FORM FTL, Bug Fixing.',	'',	'',	'',	'',	'2021-09-12 19:04:21',	'2021-09-12 19:04:21'),
(682,	50,	70,	'Indorse',	'A Saudi-based client that wants to access ACS features into ACA extension project 1.9. The client requirement was to migrate the indorse project into an extension project which can be installed in every release of ACA 1. x - alfresco content app. Additionally, I have customized extensions by adding custom components on the ACA extension. \r\n\r\nTechnology stack:- Java, Spring boot, ACS - Alfresco Content Service 6.1 ACA - Alfresco Content Application 1.9 with Angular 7.3.9 and ADF 3.3.0.  \r\n\r\nResponsibilities/Accomplishments:- Development of the Content Model In ACS, Development of the Workflow management in ACS, Development of the Reminder Email Functionality in ACS, Unit Testing and bug fixing.',	'',	'',	'',	'',	'2021-09-12 19:04:21',	'2021-09-12 19:04:21'),
(683,	50,	70,	'Recruitment management system For Organization',	'The Recruitment Management System for Organization, as per the name suggest it keep a track of all over Recruitment process of any Organization. We have developed an ADF project with APS features like Process management, User profile, and Report management. Technology stack: Java, Spring boot, Alfresco Process Service 1.8, ADF Application Development Framework. \r\n\r\nResponsibilities/Accomplishments:- Development of the Process In APS, Development of the Email Functionality In APS, Development of the Rest Endpoint in APS For the Report Data, Database, and Configuration.',	'',	'',	'',	'',	'2021-09-12 19:04:21',	'2021-09-12 19:04:21'),
(723,	42,	74,	'Infibeam',	'JAVA DEVELOPER',	'',	'Java. Spring boot, Microservices,Angular4',	'',	'',	'2021-09-20 10:14:01',	'2021-09-20 10:14:01'),
(724,	42,	71,	'Infibeam',	' Java Developer',	'',	'Java. Spring boot, Microservices,Angular4\r\n\r\n',	'',	'',	'2021-09-20 10:14:14',	'2021-09-20 10:14:14'),
(725,	42,	73,	'Infibeam',	'Angular 4',	'',	'Java. Spring boot, Microservices,Angular4',	'',	'',	'2021-09-20 10:14:23',	'2021-09-20 10:14:23'),
(728,	42,	75,	'Infiraise',	'Java. Spring boot, Microservices,Angular4',	'',	'- Development, code maintenance and enhancements implementation.\r\n- UI development with Java Script, CSS and JQuery.\r\n- Created Database for project.\r\n- Working on users new requirements as well as observations.',	'',	'',	'2021-09-20 13:37:49',	'2021-09-20 13:37:49'),
(759,	42,	78,	'Infibeam',	'Java Developer',	'',	'Asp.Net, Javascript, Dot Net Core, Web services, Azure \r\n',	'',	'',	'2021-09-23 11:42:43',	'2021-09-23 11:42:43'),
(761,	3,	7,	'Associates of Saint John Bosco',	'This project is college website.\r\nRegistered student can use login with same password in web and mobile app and ac-cess the every university ministry details. And like ministry feeds and submit own comments.\r\n\r\n User Role : Master Admin + Student\r\nTechnologies: PHP + CodeIgniter \r\nSMS Gateway: Twillo\r\nEmail Gateway: SMTP\r\n\r\nWebsite: https://associatesofstjohnbosco.org: admin@gmail.com/admin\r\n	  Play store URL: https://play.google.com/store/apps/details?id=com.asjb \r\n  App Store URL: https://apps.apple.com/us/app/id1500901844',	'https://associatesofstjohnbosco.org',	'',	'',	'',	'2021-10-01 11:08:49',	'2021-10-01 11:08:49'),
(762,	3,	7,	'Nitechk',	'This application is used for nightlife. We have easily find out or notified nearest party around you.\r\n\r\nTechnologies: PHP + CodeIgniter \r\nSMS Gateway: SNS Services\r\nEmail Gateway: SMTP\r\nHosting: AWS S3 Bucket\r\nPayment Gateway: Stripe \r\nWebsite: https://nitechk.com/\r\nPlay store URL: https://play.google.com/store/apps/details?id=com.NiteChk \r\nApp Store URL : https://apps.apple.com/us/app/nitechk/id1547961265\r\n\r\n',	'',	'',	'',	'',	'2021-10-01 11:08:49',	'2021-10-01 11:08:49'),
(763,	3,	7,	'Aster Online',	'This application is used for purchase online health related equipment’s and medicine.\r\n\r\nI have created APIs for mobile developer to provide by JAVA Team.\r\n\r\nWebsite: https://asteronline.com/ \r\nPlay store URL: https://play.google.com/store/apps/details?id=com.asteronline.android\r\n App Store URL : https://apps.apple.com/in/app/aster-online/id1554421409\r\n',	'',	'',	'',	'',	'2021-10-01 11:08:49',	'2021-10-01 11:08:49'),
(764,	3,	7,	'Vidmire ',	'This application is used for dating application.\r\n\r\nTechnologies : PHP + CodeIgniter \r\nSMS Gateway  : Twillo\r\nEmail Gateway : SMTP\r\nPayment Gateway : Stripe \r\n\r\nWebsite: https://vidmire.com/\r\nPlay store URL: https://play.google.com/store/apps/details?id=com.NiteChk iStore URL : https://apps.apple.com/us/app/nitechk/id1547961265\r\n',	'',	'',	'',	'',	'2021-10-01 11:08:49',	'2021-10-01 11:08:49'),
(765,	3,	7,	'MyOOHR ',	'This application is used for track child tracking activity and manage application.\r\n  User Role : Master Admin + School Admin + Driver + Parents \r\nWebsite: https://www.myoohr.com/ \r\nPlay store URL: https://play.google.com/store/apps/details?id=com.oohrinnovations \r\nhttps://play.google.com/store/apps/details?id=com.oohrinnovationsdriver \r\n iStore URL : https://apps.apple.com/us/app/myoohr-smart-school-app/id1562444663 \r\n\r\n',	'',	'',	'',	'',	'2021-10-01 11:08:49',	'2021-10-01 11:08:49'),
(766,	3,	7,	'Aawafi',	'This application for patient and doctor. Patient can set appointment with Doctor. And communicate with each other using mobile app.front website is information site with multi language.\r\n\r\nTechnologies: PHP + CodeIgniter \r\nSMS Gateway: Twillo\r\nEmail Gateway: SMTP\r\n\r\nWebsite: https://aawafi.com/\r\nPlay store URL: https://play.google.com/store/apps/details?id=com.aawafi\r\n',	'',	'',	'',	'',	'2021-10-01 11:08:49',	'2021-10-01 11:08:49'),
(767,	3,	7,	'OCSS',	'This software is fully integrated with student and company relationship management and developed in a manner that is \r\n       easily manageable, time and cost saving that shows relieving one from manual works. Online campus selection provides   \r\n       automated technical screening , intellectual evaluation , electronic mail integration to conduct recruitment. This \r\n       feature’s helps in many ways like saving cost , time and paper work , this shows the paperless environment , unlimited \r\n        custom and reports. \r\n',	'',	'',	'',	'',	'2021-10-01 11:08:49',	'2021-10-01 11:08:49'),
(768,	3,	39,	'Voice preception',	'Voice preception',	'',	'',	'',	'',	'2021-10-01 11:18:32',	'2021-10-01 11:18:32'),
(769,	42,	79,	'Infibeam',	'Java Developer',	'',	'Asp.Net, Javascript, Dot Net Core,Web Services.Azure\r\n',	'',	'',	'2021-11-01 19:09:01',	'2021-11-01 19:09:01');

DROP TABLE IF EXISTS `tbl_employees_project_skills`;
CREATE TABLE `tbl_employees_project_skills` (
  `id` bigint(20) NOT NULL AUTO_INCREMENT,
  `customers_id` bigint(20) DEFAULT NULL,
  `employee_id` bigint(20) DEFAULT NULL,
  `project_id` bigint(20) DEFAULT NULL,
  `technology_id` int(11) DEFAULT NULL,
  `tname` text,
  `created_at` datetime NOT NULL DEFAULT CURRENT_TIMESTAMP,
  `updated_at` datetime NOT NULL DEFAULT CURRENT_TIMESTAMP ON UPDATE CURRENT_TIMESTAMP,
  PRIMARY KEY (`id`),
  KEY `customers_id` (`customers_id`),
  KEY `employee_id` (`employee_id`),
  KEY `technology_id` (`technology_id`),
  KEY `project_id` (`project_id`),
  CONSTRAINT `tbl_employees_project_skills_ibfk_1` FOREIGN KEY (`customers_id`) REFERENCES `tbl_customers` (`customer_id`) ON DELETE CASCADE ON UPDATE CASCADE,
  CONSTRAINT `tbl_employees_project_skills_ibfk_2` FOREIGN KEY (`employee_id`) REFERENCES `tbl_employees` (`id`) ON DELETE CASCADE ON UPDATE CASCADE,
  CONSTRAINT `tbl_employees_project_skills_ibfk_3` FOREIGN KEY (`technology_id`) REFERENCES `tbl_technology` (`id`) ON DELETE CASCADE ON UPDATE CASCADE,
  CONSTRAINT `tbl_employees_project_skills_ibfk_4` FOREIGN KEY (`project_id`) REFERENCES `tbl_employees_projects` (`id`) ON DELETE CASCADE ON UPDATE CASCADE
) ENGINE=InnoDB DEFAULT CHARSET=utf8;

INSERT INTO `tbl_employees_project_skills` (`id`, `customers_id`, `employee_id`, `project_id`, `technology_id`, `tname`, `created_at`, `updated_at`) VALUES
(1,	3,	NULL,	617,	12,	'.NET Core',	'2021-09-08 13:56:45',	'2021-09-08 13:56:45'),
(2,	3,	NULL,	617,	31,	'DevOps',	'2021-09-08 13:56:45',	'2021-09-08 13:56:45'),
(3,	3,	NULL,	617,	14,	'Angular JS',	'2021-09-08 13:56:45',	'2021-09-08 13:56:45'),
(4,	3,	NULL,	617,	8,	'Asp.net',	'2021-09-08 13:56:45',	'2021-09-08 13:56:45'),
(5,	3,	NULL,	618,	12,	'.NET Core',	'2021-09-08 13:56:45',	'2021-09-08 13:56:45'),
(6,	3,	NULL,	618,	31,	'DevOps',	'2021-09-08 13:56:45',	'2021-09-08 13:56:45'),
(7,	3,	NULL,	618,	14,	'Angular JS',	'2021-09-08 13:56:45',	'2021-09-08 13:56:45'),
(8,	3,	NULL,	618,	8,	'Asp.net',	'2021-09-08 13:56:45',	'2021-09-08 13:56:45'),
(21,	46,	65,	638,	12,	'.NET Core',	'2021-09-08 17:28:20',	'2021-09-08 17:28:20'),
(22,	46,	65,	638,	12,	'.NET Core',	'2021-09-08 17:28:20',	'2021-09-08 17:28:20'),
(23,	46,	65,	638,	12,	'.NET Core',	'2021-09-08 17:28:20',	'2021-09-08 17:28:20'),
(24,	46,	65,	638,	12,	'.NET Core',	'2021-09-08 17:28:20',	'2021-09-08 17:28:20'),
(25,	46,	65,	639,	12,	'.NET Core',	'2021-09-08 17:28:20',	'2021-09-08 17:28:20'),
(26,	46,	65,	639,	12,	'.NET Core',	'2021-09-08 17:28:20',	'2021-09-08 17:28:20'),
(27,	46,	65,	639,	12,	'.NET Core',	'2021-09-08 17:28:20',	'2021-09-08 17:28:20'),
(28,	46,	65,	639,	12,	'.NET Core',	'2021-09-08 17:28:20',	'2021-09-08 17:28:20'),
(29,	46,	65,	640,	12,	'.NET Core',	'2021-09-08 17:28:20',	'2021-09-08 17:28:20'),
(30,	46,	65,	640,	12,	'.NET Core',	'2021-09-08 17:28:20',	'2021-09-08 17:28:20'),
(31,	46,	65,	640,	12,	'.NET Core',	'2021-09-08 17:28:20',	'2021-09-08 17:28:20'),
(32,	46,	65,	640,	12,	'.NET Core',	'2021-09-08 17:28:20',	'2021-09-08 17:28:20'),
(33,	46,	65,	641,	12,	'.NET Core',	'2021-09-08 17:28:20',	'2021-09-08 17:28:20'),
(34,	46,	65,	641,	12,	'.NET Core',	'2021-09-08 17:28:20',	'2021-09-08 17:28:20'),
(35,	46,	65,	641,	12,	'.NET Core',	'2021-09-08 17:28:20',	'2021-09-08 17:28:20'),
(36,	46,	65,	641,	12,	'.NET Core',	'2021-09-08 17:28:20',	'2021-09-08 17:28:20');

DROP TABLE IF EXISTS `tbl_employees_skills`;
CREATE TABLE `tbl_employees_skills` (
  `id` bigint(20) NOT NULL AUTO_INCREMENT,
  `customers_id` bigint(20) DEFAULT NULL,
  `employee_id` bigint(20) DEFAULT NULL,
  `technology_id` int(11) DEFAULT NULL,
  `tname` text,
  `created_at` datetime NOT NULL DEFAULT CURRENT_TIMESTAMP,
  `updated_at` datetime NOT NULL DEFAULT CURRENT_TIMESTAMP ON UPDATE CURRENT_TIMESTAMP,
  PRIMARY KEY (`id`),
  KEY `customers_id` (`customers_id`),
  KEY `employee_id` (`employee_id`),
  KEY `technology_id` (`technology_id`),
  CONSTRAINT `tbl_employees_skills_ibfk_1` FOREIGN KEY (`customers_id`) REFERENCES `tbl_customers` (`customer_id`) ON DELETE CASCADE ON UPDATE CASCADE,
  CONSTRAINT `tbl_employees_skills_ibfk_2` FOREIGN KEY (`employee_id`) REFERENCES `tbl_employees` (`id`) ON DELETE CASCADE ON UPDATE CASCADE,
  CONSTRAINT `tbl_employees_skills_ibfk_3` FOREIGN KEY (`technology_id`) REFERENCES `tbl_technology` (`id`) ON DELETE CASCADE ON UPDATE CASCADE
) ENGINE=InnoDB DEFAULT CHARSET=utf8;

INSERT INTO `tbl_employees_skills` (`id`, `customers_id`, `employee_id`, `technology_id`, `tname`, `created_at`, `updated_at`) VALUES
(17,	3,	10,	3,	'HTML',	'2021-07-23 08:45:54',	'2021-07-23 08:45:54'),
(79,	3,	31,	14,	'Angular JS',	'2021-08-13 15:30:31',	'2021-08-13 15:30:31'),
(220,	18,	46,	14,	'Angular JS',	'2021-08-20 12:55:39',	'2021-08-20 12:55:39'),
(221,	18,	46,	24,	'Frond End',	'2021-08-20 12:55:39',	'2021-08-20 12:55:39'),
(222,	18,	46,	3,	'HTML',	'2021-08-20 12:55:39',	'2021-08-20 12:55:39'),
(223,	18,	46,	17,	'Node JS',	'2021-08-20 12:55:39',	'2021-08-20 12:55:39'),
(224,	18,	46,	13,	'React JS',	'2021-08-20 12:55:39',	'2021-08-20 12:55:39'),
(225,	18,	44,	5,	'JAVA',	'2021-08-20 12:58:03',	'2021-08-20 12:58:03'),
(227,	18,	48,	24,	'Frond End',	'2021-08-20 14:31:42',	'2021-08-20 14:31:42'),
(228,	18,	48,	3,	'HTML',	'2021-08-20 14:31:42',	'2021-08-20 14:31:42'),
(229,	18,	48,	17,	'Node JS',	'2021-08-20 14:31:42',	'2021-08-20 14:31:42'),
(230,	18,	48,	1,	'PHP',	'2021-08-20 14:31:42',	'2021-08-20 14:31:42'),
(231,	18,	48,	13,	'React JS',	'2021-08-20 14:31:42',	'2021-08-20 14:31:42'),
(232,	18,	48,	15,	'React Native',	'2021-08-20 14:31:42',	'2021-08-20 14:31:42'),
(239,	19,	41,	2,	'Vue js',	'2021-08-20 14:37:55',	'2021-08-20 14:37:55'),
(240,	19,	42,	9,	'Laravel',	'2021-08-20 14:38:20',	'2021-08-20 14:38:20'),
(241,	19,	43,	14,	'Angular JS',	'2021-08-20 14:38:51',	'2021-08-20 14:38:51'),
(242,	19,	45,	9,	'Laravel',	'2021-08-20 14:39:13',	'2021-08-20 14:39:13'),
(245,	19,	40,	22,	'WordPress',	'2021-08-20 14:55:52',	'2021-08-20 14:55:52'),
(246,	18,	50,	14,	'Angular JS',	'2021-08-20 15:18:01',	'2021-08-20 15:18:01'),
(247,	18,	50,	24,	'Frond End',	'2021-08-20 15:18:01',	'2021-08-20 15:18:01'),
(248,	18,	50,	3,	'HTML',	'2021-08-20 15:18:01',	'2021-08-20 15:18:01'),
(249,	18,	50,	33,	'ODOO',	'2021-08-20 15:18:01',	'2021-08-20 15:18:01'),
(250,	18,	50,	1,	'PHP',	'2021-08-20 15:18:01',	'2021-08-20 15:18:01'),
(251,	18,	50,	13,	'React JS',	'2021-08-20 15:18:01',	'2021-08-20 15:18:01'),
(252,	18,	51,	14,	'Angular JS',	'2021-08-20 16:11:43',	'2021-08-20 16:11:43'),
(253,	18,	51,	8,	'Asp.net',	'2021-08-20 16:11:43',	'2021-08-20 16:11:43'),
(254,	18,	51,	24,	'Frond End',	'2021-08-20 16:11:43',	'2021-08-20 16:11:43'),
(255,	18,	51,	3,	'HTML',	'2021-08-20 16:11:43',	'2021-08-20 16:11:43'),
(256,	18,	51,	13,	'React JS',	'2021-08-20 16:11:43',	'2021-08-20 16:11:43'),
(260,	18,	53,	5,	'JAVA',	'2021-08-20 16:36:55',	'2021-08-20 16:36:55'),
(261,	18,	53,	13,	'React JS',	'2021-08-20 16:36:55',	'2021-08-20 16:36:55'),
(262,	18,	53,	15,	'React Native',	'2021-08-20 16:36:55',	'2021-08-20 16:36:55'),
(263,	18,	54,	3,	'HTML',	'2021-08-20 16:55:47',	'2021-08-20 16:55:47'),
(264,	18,	54,	5,	'JAVA',	'2021-08-20 16:55:47',	'2021-08-20 16:55:47'),
(268,	18,	56,	5,	'JAVA',	'2021-08-20 17:06:42',	'2021-08-20 17:06:42'),
(269,	18,	56,	7,	'Python',	'2021-08-20 17:06:42',	'2021-08-20 17:06:42'),
(270,	18,	56,	13,	'React JS',	'2021-08-20 17:06:42',	'2021-08-20 17:06:42'),
(271,	18,	56,	15,	'React Native',	'2021-08-20 17:06:42',	'2021-08-20 17:06:42'),
(277,	19,	49,	14,	'Angular JS',	'2021-08-20 17:14:31',	'2021-08-20 17:14:31'),
(278,	19,	49,	9,	'Laravel',	'2021-08-20 17:14:31',	'2021-08-20 17:14:31'),
(279,	19,	49,	17,	'Node JS',	'2021-08-20 17:14:31',	'2021-08-20 17:14:31'),
(280,	19,	49,	1,	'PHP',	'2021-08-20 17:14:31',	'2021-08-20 17:14:31'),
(281,	19,	49,	2,	'Vue js',	'2021-08-20 17:14:31',	'2021-08-20 17:14:31'),
(282,	19,	47,	13,	'React JS',	'2021-08-20 17:16:00',	'2021-08-20 17:16:00'),
(288,	18,	57,	14,	'Angular JS',	'2021-08-20 17:17:44',	'2021-08-20 17:17:44'),
(289,	18,	57,	24,	'Frond End',	'2021-08-20 17:17:44',	'2021-08-20 17:17:44'),
(290,	18,	57,	3,	'HTML',	'2021-08-20 17:17:44',	'2021-08-20 17:17:44'),
(291,	18,	57,	17,	'Node JS',	'2021-08-20 17:17:44',	'2021-08-20 17:17:44'),
(292,	18,	57,	13,	'React JS',	'2021-08-20 17:17:44',	'2021-08-20 17:17:44'),
(364,	18,	52,	7,	'Python',	'2021-08-24 17:40:13',	'2021-08-24 17:40:13'),
(365,	18,	52,	13,	'React JS',	'2021-08-24 17:40:13',	'2021-08-24 17:40:13'),
(366,	18,	52,	15,	'React Native',	'2021-08-24 17:40:13',	'2021-08-24 17:40:13'),
(367,	18,	55,	3,	'HTML',	'2021-08-24 17:40:55',	'2021-08-24 17:40:55'),
(368,	18,	55,	13,	'React JS',	'2021-08-24 17:40:55',	'2021-08-24 17:40:55'),
(369,	18,	55,	15,	'React Native',	'2021-08-24 17:40:55',	'2021-08-24 17:40:55'),
(485,	24,	61,	12,	'.NET Core',	'2021-08-26 11:29:26',	'2021-08-26 11:29:26'),
(486,	24,	61,	32,	'AI/ML',	'2021-08-26 11:29:26',	'2021-08-26 11:29:26'),
(487,	24,	61,	14,	'Angular JS',	'2021-08-26 11:29:26',	'2021-08-26 11:29:26'),
(504,	18,	58,	14,	'Angular JS',	'2021-09-03 10:24:19',	'2021-09-03 10:24:19'),
(505,	18,	58,	24,	'Frond End',	'2021-09-03 10:24:19',	'2021-09-03 10:24:19'),
(506,	18,	58,	3,	'HTML',	'2021-09-03 10:24:19',	'2021-09-03 10:24:19'),
(507,	18,	58,	17,	'Node JS',	'2021-09-03 10:24:19',	'2021-09-03 10:24:19'),
(508,	18,	58,	13,	'React JS',	'2021-09-03 10:24:19',	'2021-09-03 10:24:19'),
(517,	3,	63,	14,	'Angular JS',	'2021-09-06 17:43:33',	'2021-09-06 17:43:33'),
(518,	3,	63,	24,	'Frond End',	'2021-09-06 17:43:33',	'2021-09-06 17:43:33'),
(519,	3,	63,	23,	'Full-stack',	'2021-09-06 17:43:33',	'2021-09-06 17:43:33'),
(520,	3,	63,	3,	'HTML',	'2021-09-06 17:43:33',	'2021-09-06 17:43:33'),
(521,	3,	63,	5,	'JAVA',	'2021-09-06 17:43:33',	'2021-09-06 17:43:33'),
(522,	3,	63,	17,	'Node JS',	'2021-09-06 17:43:33',	'2021-09-06 17:43:33'),
(523,	3,	63,	13,	'React JS',	'2021-09-06 17:43:33',	'2021-09-06 17:43:33'),
(524,	3,	63,	44,	'UI/UX',	'2021-09-06 17:43:33',	'2021-09-06 17:43:33'),
(534,	3,	64,	32,	'AI/ML',	'2021-09-08 13:56:45',	'2021-09-08 13:56:45'),
(535,	3,	64,	28,	'IOT',	'2021-09-08 13:56:45',	'2021-09-08 13:56:45'),
(536,	3,	64,	20,	'Magento',	'2021-09-08 13:56:45',	'2021-09-08 13:56:45'),
(552,	46,	65,	8,	'Asp.net',	'2021-09-08 17:28:20',	'2021-09-08 17:28:20'),
(562,	46,	66,	8,	'Asp.net',	'2021-09-08 18:01:12',	'2021-09-08 18:01:12'),
(563,	46,	67,	8,	'Asp.net',	'2021-09-08 18:15:14',	'2021-09-08 18:15:14'),
(564,	46,	68,	8,	'Asp.net',	'2021-09-08 18:35:46',	'2021-09-08 18:35:46'),
(569,	50,	69,	5,	'JAVA',	'2021-09-09 14:37:00',	'2021-09-09 14:37:00'),
(572,	29,	62,	14,	'Angular JS',	'2021-09-10 10:09:52',	'2021-09-10 10:09:52'),
(573,	29,	62,	5,	'JAVA',	'2021-09-10 10:09:52',	'2021-09-10 10:09:52'),
(574,	50,	70,	5,	'JAVA',	'2021-09-12 19:04:21',	'2021-09-12 19:04:21'),
(619,	42,	74,	5,	'JAVA',	'2021-09-20 10:14:01',	'2021-09-20 10:14:01'),
(620,	42,	71,	14,	'Angular JS',	'2021-09-20 10:14:14',	'2021-09-20 10:14:14'),
(621,	42,	73,	14,	'Angular JS',	'2021-09-20 10:14:23',	'2021-09-20 10:14:23'),
(624,	42,	75,	5,	'JAVA',	'2021-09-20 13:37:49',	'2021-09-20 13:37:49'),
(663,	42,	78,	5,	'JAVA',	'2021-09-23 11:42:43',	'2021-09-23 11:42:43'),
(665,	3,	7,	32,	'AI/ML',	'2021-10-01 11:08:49',	'2021-10-01 11:08:49'),
(666,	3,	7,	4,	'Android',	'2021-10-01 11:08:49',	'2021-10-01 11:08:49'),
(667,	3,	7,	14,	'Angular JS',	'2021-10-01 11:08:49',	'2021-10-01 11:08:49'),
(668,	3,	7,	24,	'Frond End',	'2021-10-01 11:08:49',	'2021-10-01 11:08:49'),
(669,	3,	7,	23,	'Full-stack',	'2021-10-01 11:08:49',	'2021-10-01 11:08:49'),
(670,	3,	7,	3,	'HTML',	'2021-10-01 11:08:49',	'2021-10-01 11:08:49'),
(671,	3,	7,	9,	'Laravel',	'2021-10-01 11:08:49',	'2021-10-01 11:08:49'),
(672,	3,	7,	1,	'PHP',	'2021-10-01 11:08:49',	'2021-10-01 11:08:49'),
(673,	3,	7,	7,	'Python',	'2021-10-01 11:08:49',	'2021-10-01 11:08:49'),
(674,	3,	39,	31,	'DevOps',	'2021-10-01 11:18:32',	'2021-10-01 11:18:32'),
(675,	3,	39,	21,	'Drupal',	'2021-10-01 11:18:32',	'2021-10-01 11:18:32'),
(676,	42,	79,	47,	'Azure DevOps',	'2021-11-01 19:09:01',	'2021-11-01 19:09:01');

DROP TABLE IF EXISTS `tbl_industry`;
CREATE TABLE `tbl_industry` (
  `id` int(11) NOT NULL AUTO_INCREMENT,
  `iname` varchar(255) DEFAULT NULL,
  `iimage` text,
  `status` enum('0','1') NOT NULL DEFAULT '1',
  `created_at` datetime NOT NULL DEFAULT CURRENT_TIMESTAMP,
  `updated_at` datetime NOT NULL DEFAULT CURRENT_TIMESTAMP,
  PRIMARY KEY (`id`)
) ENGINE=InnoDB DEFAULT CHARSET=latin1;

INSERT INTO `tbl_industry` (`id`, `iname`, `iimage`, `status`, `created_at`, `updated_at`) VALUES
(1,	'Oil and Gas',	'039121626174230.jpg',	'1',	'2021-07-13 16:28:45',	'2021-07-13 16:33:50'),
(2,	'Life Sciences',	'466011629114590.png',	'1',	'2021-07-13 16:59:02',	'2021-08-19 15:21:09'),
(6,	'Financial Services',	'659521629357351.png',	'0',	'2021-08-19 12:45:51',	'2021-08-19 15:20:46'),
(7,	'IT Industry',	'',	'1',	'2021-08-19 15:13:32',	'2021-08-19 15:13:32'),
(8,	'Pharma & Technology',	'626541629893221.png',	'1',	'2021-08-25 17:37:01',	'2021-08-25 17:37:01');

DROP TABLE IF EXISTS `tbl_interviewschedule`;
CREATE TABLE `tbl_interviewschedule` (
  `id` int(11) NOT NULL AUTO_INCREMENT,
  `postjob_id` int(11) DEFAULT NULL,
  `vendor_id` int(11) DEFAULT NULL,
  `skill_id` int(11) DEFAULT NULL,
  `subskills` text,
  `duration` int(11) DEFAULT NULL,
  `description` text,
  `experience` int(11) DEFAULT NULL,
  `budget` float DEFAULT NULL,
  `no_of_position` int(11) DEFAULT NULL,
  `no_of_interview` int(11) DEFAULT NULL,
  `candidate_availability` enum('immediate','7 days','15 days','30 days') DEFAULT NULL,
  `post_date` date DEFAULT NULL,
  `candidate_name` text,
  `interview_one_date` date DEFAULT NULL,
  `interview_two_date` date DEFAULT NULL,
  `comment` text,
  `status` enum('Proposed','Round 1','Round 2','Round 1 Awaiting','Round 2 Awaiting','Round 1 Reject','Round 2 Reject','Selected','Hold','Close') NOT NULL DEFAULT 'Proposed',
  `created_by` int(11) DEFAULT NULL,
  `created_at` datetime NOT NULL DEFAULT CURRENT_TIMESTAMP,
  `updated_at` datetime DEFAULT CURRENT_TIMESTAMP,
  PRIMARY KEY (`id`),
  KEY `vendor_id` (`vendor_id`),
  KEY `skill_id` (`skill_id`),
  KEY `created_by` (`created_by`),
  KEY `postjob_id` (`postjob_id`)
) ENGINE=InnoDB DEFAULT CHARSET=utf8;

INSERT INTO `tbl_interviewschedule` (`id`, `postjob_id`, `vendor_id`, `skill_id`, `subskills`, `duration`, `description`, `experience`, `budget`, `no_of_position`, `no_of_interview`, `candidate_availability`, `post_date`, `candidate_name`, `interview_one_date`, `interview_two_date`, `comment`, `status`, `created_by`, `created_at`, `updated_at`) VALUES
(7,	13,	3,	11,	'Java, Spring, Spring Boot, MVC, REST, Angular or React JS',	12,	'Java, Spring, Spring Boot, MVC, REST, Angular or React Js',	4,	110000,	30,	2,	'15 days',	NULL,	'Dhaval Patel',	'2021-09-02',	'2021-09-02',	'He is good.',	'Selected',	1,	'2021-09-02 16:54:48',	'2021-09-03 11:32:34'),
(8,	21,	43,	8,	'ASP.net, MCV',	6,	'ASP.net, MCV',	3,	140000,	10,	2,	'immediate',	NULL,	'kanaiya',	'2021-09-13',	NULL,	NULL,	'Proposed',	52,	'2021-09-13 11:07:09',	'2021-09-13 11:07:09'),
(9,	21,	43,	8,	'ASP.net, MCV',	6,	'ASP.net, MCV',	3,	140000,	10,	2,	'immediate',	NULL,	'Krisha',	'2021-09-13',	NULL,	NULL,	'Proposed',	52,	'2021-09-13 11:07:59',	'2021-09-13 11:07:59'),
(10,	21,	43,	8,	'ASP.net, MCV',	6,	'ASP.net, MCV',	3,	140000,	10,	2,	'immediate',	NULL,	'siddharth',	'2021-09-13',	NULL,	NULL,	'Proposed',	52,	'2021-09-13 11:08:40',	'2021-09-13 11:08:40'),
(11,	21,	43,	8,	'ASP.net, MCV',	6,	'ASP.net, MCV',	3,	140000,	10,	2,	'immediate',	NULL,	'viramgami',	'2021-09-13',	NULL,	NULL,	'Proposed',	52,	'2021-09-13 11:09:16',	'2021-09-13 11:09:16'),
(12,	22,	43,	5,	'Java Spring Boot, API',	6,	'Java Spring Boot, API',	3,	140000,	10,	2,	'immediate',	NULL,	'Hely',	'2021-09-15',	NULL,	NULL,	'Proposed',	52,	'2021-09-16 16:49:59',	'2021-09-16 16:49:59');

DROP TABLE IF EXISTS `tbl_job`;
CREATE TABLE `tbl_job` (
  `id` int(11) NOT NULL AUTO_INCREMENT,
  `ename` varchar(255) DEFAULT NULL,
  `eimage` text,
  `status` enum('0','1') NOT NULL DEFAULT '1',
  `created_at` datetime NOT NULL DEFAULT CURRENT_TIMESTAMP,
  `updated_at` datetime NOT NULL DEFAULT CURRENT_TIMESTAMP,
  PRIMARY KEY (`id`)
) ENGINE=InnoDB DEFAULT CHARSET=latin1;

INSERT INTO `tbl_job` (`id`, `ename`, `eimage`, `status`, `created_at`, `updated_at`) VALUES
(1,	'PHP Developer',	NULL,	'1',	'2021-07-13 17:09:24',	'2021-08-17 15:44:38'),
(2,	'UI UX Designer',	NULL,	'1',	'2021-07-13 17:12:30',	'2021-08-16 17:24:54'),
(4,	'Web Developer',	NULL,	'1',	'2021-08-16 17:25:18',	'2021-08-16 17:25:18'),
(5,	'Software Testing',	NULL,	'1',	'2021-08-16 17:26:01',	'2021-08-16 17:26:01'),
(7,	'Java Developer',	NULL,	'1',	'2021-08-16 17:26:53',	'2021-08-16 17:26:53'),
(8,	'Django Developer',	NULL,	'1',	'2021-08-25 17:37:23',	'2021-08-25 17:37:38');

DROP TABLE IF EXISTS `tbl_permissions`;
CREATE TABLE `tbl_permissions` (
  `id` bigint(20) unsigned NOT NULL AUTO_INCREMENT,
  `name` varchar(191) NOT NULL,
  `module` varchar(255) DEFAULT NULL,
  `created_at` timestamp NULL DEFAULT CURRENT_TIMESTAMP,
  `updated_at` timestamp NULL DEFAULT CURRENT_TIMESTAMP,
  PRIMARY KEY (`id`)
) ENGINE=InnoDB DEFAULT CHARSET=utf8;

INSERT INTO `tbl_permissions` (`id`, `name`, `module`, `created_at`, `updated_at`) VALUES
(1,	'approve_customers_list',	'Customers',	'2021-01-12 18:30:00',	'2021-01-12 18:30:00'),
(2,	'customers_add',	'',	'2021-01-13 18:23:38',	'2021-01-13 18:23:42'),
(3,	'customers_edit',	'',	'2021-01-13 18:24:22',	'2021-01-13 18:24:22'),
(4,	'customers_delete',	'',	'2021-01-13 18:24:22',	'2021-01-13 18:24:22'),
(5,	'education_list',	'Education',	'2021-01-12 18:30:00',	'2021-01-12 18:30:00'),
(6,	'add_education',	'',	'2021-01-13 18:23:38',	'2021-01-13 18:23:42'),
(7,	'edit_education',	'',	'2021-01-13 18:24:22',	'2021-01-13 18:24:22'),
(8,	'education_delete',	'',	'2021-01-13 18:24:22',	'2021-01-13 18:24:22'),
(9,	'technology_list',	'Technology',	'2021-01-12 18:30:00',	'2021-01-12 18:30:00'),
(10,	'add_technology',	'',	'2021-01-13 18:23:38',	'2021-01-13 18:23:42'),
(11,	'edit_technology',	'',	'2021-01-13 18:24:22',	'2021-01-13 18:24:22'),
(12,	'technology_delete',	'',	'2021-01-13 18:24:22',	'2021-01-13 18:24:22'),
(13,	'industry_list',	'Industry',	'2021-01-12 18:30:00',	'2021-01-12 18:30:00'),
(14,	'add_industry',	'',	'2021-01-13 18:23:38',	'2021-01-13 18:23:42'),
(15,	'edit_industry',	'',	'2021-01-13 18:24:22',	'2021-01-13 18:24:22'),
(16,	'industry_delete',	'',	'2021-01-13 18:24:22',	'2021-01-13 18:24:22'),
(17,	'job_list',	'Job type',	'2021-01-12 18:30:00',	'2021-01-12 18:30:00'),
(18,	'add_job',	'',	'2021-01-13 18:23:38',	'2021-01-13 18:23:42'),
(19,	'edit_job',	'',	'2021-01-13 18:24:22',	'2021-01-13 18:24:22'),
(20,	'job_delete',	'',	'2021-01-13 18:24:22',	'2021-01-13 18:24:22'),
(21,	'approve_vendors_list',	'Vendors',	'2021-01-12 18:30:00',	'2021-01-12 18:30:00'),
(22,	'vendors_add',	'',	'2021-01-13 18:23:38',	'2021-01-13 18:23:42'),
(23,	'vendors_edit',	'',	'2021-01-13 18:24:22',	'2021-01-13 18:24:22'),
(24,	'vendors_delete',	'',	'2021-01-13 18:24:22',	'2021-01-13 18:24:22'),
(25,	'employees_list',	'Employees',	'2021-01-12 18:30:00',	'2021-01-12 18:30:00'),
(26,	'employees_add',	'',	'2021-01-13 18:23:38',	'2021-01-13 18:23:42'),
(27,	'employees_edit',	'',	'2021-01-13 18:24:22',	'2021-01-13 18:24:22'),
(28,	'employees_delete',	'',	'2021-01-13 18:24:22',	'2021-01-13 18:24:22'),
(29,	'agreements_list',	'Agreements',	'2021-01-12 13:00:00',	'2021-01-12 13:00:00'),
(30,	'add_agreements',	'',	'2021-01-13 12:53:38',	'2021-01-13 12:53:42'),
(31,	'edit_agreements',	'',	'2021-01-13 12:54:22',	'2021-01-13 12:54:22'),
(32,	'agreements_delete',	'',	'2021-01-13 12:54:22',	'2021-01-13 12:54:22'),
(33,	'vendors_employees_details_view',	'Skill Matrix',	'2021-01-12 07:30:00',	'2021-01-12 07:30:00'),
(34,	'',	'',	'2021-01-13 07:23:38',	'2021-01-13 07:23:42'),
(35,	'vendors_employees_details',	'',	'2021-01-13 07:24:22',	'2021-01-13 07:24:22'),
(36,	'',	'',	'2021-01-13 07:24:22',	'2021-01-13 07:24:22'),
(37,	'vendors_agreement',	'Vendors Agreements',	'2021-01-12 07:30:00',	'2021-01-12 07:30:00'),
(38,	'',	'',	'2021-01-13 07:23:38',	'2021-01-13 07:23:42'),
(39,	'',	'',	'2021-01-13 07:24:22',	'2021-01-13 07:24:22'),
(40,	'',	'',	'2021-01-13 07:24:22',	'2021-01-13 07:24:22'),
(41,	'postjob_list',	'Post Job',	'2021-01-12 13:00:00',	'2021-01-12 13:00:00'),
(42,	'postjob_add',	'',	'2021-01-13 12:53:38',	'2021-01-13 12:53:42'),
(43,	'postjob_edit',	'',	'2021-01-13 12:54:22',	'2021-01-13 12:54:22'),
(44,	'postjob_delete',	'',	'2021-01-13 12:54:22',	'2021-01-13 12:54:22'),
(45,	'interviewschedule_list',	'Interview Schedule',	'2021-01-12 13:00:00',	'2021-01-12 13:00:00'),
(46,	'interviewschedule_add',	'',	'2021-01-13 12:53:38',	'2021-01-13 12:53:42'),
(47,	'interviewschedule_edit',	'',	'2021-01-13 12:54:22',	'2021-01-13 12:54:22'),
(48,	'interviewschedule_delete',	'',	'2021-01-13 12:54:22',	'2021-01-13 12:54:22'),
(49,	'my_employees_list',	'My Employees',	'2021-01-12 18:30:00',	'2021-01-12 18:30:00'),
(50,	'my_employees_add',	'',	'2021-01-13 18:23:38',	'2021-01-13 18:23:42'),
(51,	'my_employees_edit',	'',	'2021-01-13 18:24:22',	'2021-01-13 18:24:22'),
(52,	'my_employees_delete',	'',	'2021-01-13 18:24:22',	'2021-01-13 18:24:22');

DROP TABLE IF EXISTS `tbl_postjob`;
CREATE TABLE `tbl_postjob` (
  `id` int(11) NOT NULL AUTO_INCREMENT,
  `vendor_id` int(11) DEFAULT NULL,
  `skill_id` int(11) DEFAULT NULL,
  `subskills` text,
  `duration` int(11) DEFAULT NULL,
  `description` text,
  `experience` int(11) DEFAULT NULL,
  `budget` float DEFAULT NULL,
  `no_of_position` int(11) DEFAULT NULL,
  `no_of_interview` int(11) DEFAULT NULL,
  `candidate_availability` enum('immediate','7 days','15 days','30 days') DEFAULT NULL,
  `status` enum('0','1') NOT NULL DEFAULT '1',
  `post_date` date DEFAULT NULL,
  `created_by` int(11) DEFAULT NULL,
  `created_at` datetime NOT NULL DEFAULT CURRENT_TIMESTAMP,
  `updated_at` datetime DEFAULT CURRENT_TIMESTAMP,
  PRIMARY KEY (`id`),
  KEY `vendor_id` (`vendor_id`),
  KEY `skill_id` (`skill_id`),
  KEY `created_by` (`created_by`)
) ENGINE=InnoDB DEFAULT CHARSET=utf8;

INSERT INTO `tbl_postjob` (`id`, `vendor_id`, `skill_id`, `subskills`, `duration`, `description`, `experience`, `budget`, `no_of_position`, `no_of_interview`, `candidate_availability`, `status`, `post_date`, `created_by`, `created_at`, `updated_at`) VALUES
(11,	3,	11,	'Java Spring Boot, Angular ',	6,	'Java Spring Boot, Angular ',	4,	110000,	3,	2,	'15 days',	'0',	'2021-09-01',	1,	'2021-09-01 10:54:27',	'2021-09-01 10:54:27'),
(12,	3,	5,	'Java, Spring, Spring Boot, MVC, REST',	12,	'Java, Spring, Spring Boot, MVC, REST',	4,	110000,	5,	2,	'15 days',	'1',	'2021-09-01',	20,	'2021-09-01 15:59:53',	'2021-09-01 15:59:53'),
(13,	3,	11,	'Java, Spring, Spring Boot, MVC, REST, Angular or React JS',	12,	'Java, Spring, Spring Boot, MVC, REST, Angular or React Js',	4,	110000,	30,	2,	'15 days',	'1',	'2021-09-01',	20,	'2021-09-01 16:01:12',	'2021-09-01 16:01:12'),
(14,	3,	24,	'HTML5, CSS3, Angular',	12,	'HTML5, CSS3, Angular',	3,	110000,	6,	2,	'7 days',	'1',	'2021-09-01',	20,	'2021-09-01 16:04:20',	'2021-09-01 16:04:20'),
(15,	3,	13,	'HTML5, CSS3, React Js',	12,	'HTML5, CSS3, React Js',	3,	110000,	4,	2,	'7 days',	'0',	'2021-09-01',	20,	'2021-09-01 16:05:27',	'2021-09-01 16:05:27'),
(16,	3,	1,	'Core PHP, Laravel, AWS, Database',	12,	'Core PHP, Laravel, AWS, Database',	4,	100000,	3,	2,	'15 days',	'0',	'2021-09-01',	20,	'2021-09-01 16:06:47',	'2021-09-01 16:06:47'),
(17,	35,	47,	'Azure Devops',	12,	'DevOps Tools: Bitbucket, Bamboo, Octopus, SonarQube, Artifactory, Cybersecurity Integration tools (Burp, MobSF) – Must Have\r\nExpert level experience in PowerShell scripting – Must Have\r\nDeployment of services on Azure IaaS servers using Octopus or similar tool – Must Have\r\nBlue-Green OR Similar production deployment exposure – Must Have\r\nKnowledge on Azure services like Storage Accounts, Redis Cache, Send Grid, RabbitMQ, Azure AD/Windows AD, Load Balancer etc.\r\nBasic knowledge on VNET/VPN/P2S/S2S and Firewall\r\nKnowledge on any application packaging tool (preferably InstallShield)\r\nExposure to End to end single click deployment plan and execution\r\nARM Scripting for provisioning azure resources\r\nBasic knowledge on SQL server administration and High Availability\r\nKnowledge on containerization',	4,	170000,	3,	2,	'7 days',	'1',	'2021-09-01',	35,	'2021-09-01 16:15:00',	'2021-09-03 18:22:31'),
(21,	43,	8,	'ASP.net, MCV',	6,	'ASP.net, MCV',	3,	140000,	10,	2,	'immediate',	'1',	'2021-09-06',	1,	'2021-09-06 17:59:34',	'2021-09-06 17:59:34'),
(22,	43,	5,	'Java Spring Boot, API',	6,	'Java Spring Boot, API',	3,	140000,	10,	2,	'immediate',	'1',	'2021-09-06',	1,	'2021-09-06 18:00:42',	'2021-09-06 18:00:42'),
(23,	43,	8,	'.NET Core, C#, ASP.NET, Web API, SQL \r\nNice to have Skill Set: Power BI\r\n',	6,	'● Experience with C# -.NET Development Technologies.\r\n● Experience developing and/or implementing customer-facing Web applications.\r\n● Experience with DBMS (MS SQL Server) and proficient with SQL\r\n● Firm understanding of Object-Oriented principles\r\n● Strong communication skills – verbal and written\r\n● Experience with directly working with business groups in a remote location\r\n● Excellent knowledge of ASP.NET (MVC), C#, .Net Framework 4.0 and above,\r\nADO.net, Entity Framework\r\n● Proficiency in Design patterns.\r\n● Experience using WebAPI and Web Services. WCF - SOAP-based, REST APIs, JSON, XML\r\n● Experience with MS SQL Server 2008+, ASP.Net, HTML, JavaScript\r\n● Good at SQL Query optimization for high volume databases\r\n● Experience in troubleshooting performance-related issues\r\n● Experience in debugging production applications',	6,	120000,	4,	2,	'7 days',	'1',	'2021-10-01',	1,	'2021-10-01 15:27:53',	'2021-10-01 15:29:30');

DROP TABLE IF EXISTS `tbl_post_inquiry`;
CREATE TABLE `tbl_post_inquiry` (
  `id` int(11) NOT NULL AUTO_INCREMENT,
  `username` text,
  `email` text,
  `mobileno` text,
  `skill_id` int(11) DEFAULT NULL,
  `duration` int(11) DEFAULT NULL,
  `description` text,
  `experience` int(11) DEFAULT NULL,
  `budget` float DEFAULT NULL,
  `no_of_position` int(11) DEFAULT NULL,
  `candidate_availability` enum('immediate','7 days','15 days','30 days') DEFAULT NULL,
  `post_date` date DEFAULT NULL,
  `created_at` datetime NOT NULL DEFAULT CURRENT_TIMESTAMP,
  `updated_at` datetime DEFAULT CURRENT_TIMESTAMP,
  PRIMARY KEY (`id`),
  KEY `skill_id` (`skill_id`)
) ENGINE=InnoDB DEFAULT CHARSET=utf8;

INSERT INTO `tbl_post_inquiry` (`id`, `username`, `email`, `mobileno`, `skill_id`, `duration`, `description`, `experience`, `budget`, `no_of_position`, `candidate_availability`, `post_date`, `created_at`, `updated_at`) VALUES
(21,	'GLS University',	'123456@gmail.com',	'1234567890',	6,	3,	'PHP Developer',	4,	130000,	20,	'immediate',	'2021-09-06',	'2021-09-06 17:30:04',	'2021-09-06 17:30:04'),
(22,	'Kriva',	'kunjshah_61190@yahoo.com',	'9429025751',	1,	12,	'Sr PHP Developer',	6,	230000,	10,	'immediate',	'2021-09-07',	'2021-09-07 10:47:26',	'2021-09-07 10:47:26'),
(23,	'GLS University',	'kunj.sinontechs@gmail.com',	'2344234324',	8,	3,	'asdsad',	1,	100000,	1,	'7 days',	'2021-09-17',	'2021-09-17 11:32:32',	'2021-09-17 11:32:32'),
(24,	'BrandUpMe LLP',	'Support@brandupme.in',	'9104812121',	4,	12,	'Android app development',	5,	250000,	1,	'immediate',	'2021-09-25',	'2021-09-25 10:59:13',	'2021-09-25 10:59:13');

DROP TABLE IF EXISTS `tbl_role`;
CREATE TABLE `tbl_role` (
  `id` int(10) unsigned NOT NULL AUTO_INCREMENT,
  `name` varchar(191) NOT NULL,
  `status` tinyint(1) NOT NULL,
  `created_at` timestamp NULL DEFAULT NULL,
  `updated_at` timestamp NULL DEFAULT NULL,
  PRIMARY KEY (`id`)
) ENGINE=InnoDB DEFAULT CHARSET=utf8;

INSERT INTO `tbl_role` (`id`, `name`, `status`, `created_at`, `updated_at`) VALUES
(1,	'Admin',	1,	'2018-06-01 23:46:44',	'2018-06-02 23:13:05'),
(2,	'Sub Admin',	1,	'2018-10-22 02:38:13',	'2018-10-22 02:38:13'),
(3,	'Users',	1,	'2021-02-28 16:08:44',	'2021-02-28 16:08:44');

DROP TABLE IF EXISTS `tbl_technology`;
CREATE TABLE `tbl_technology` (
  `id` int(11) NOT NULL AUTO_INCREMENT,
  `tname` varchar(255) DEFAULT NULL,
  `timage` text,
  `status` enum('0','1') NOT NULL DEFAULT '1',
  `created_at` datetime NOT NULL DEFAULT CURRENT_TIMESTAMP,
  `updated_at` datetime NOT NULL DEFAULT CURRENT_TIMESTAMP,
  PRIMARY KEY (`id`)
) ENGINE=InnoDB DEFAULT CHARSET=latin1;

INSERT INTO `tbl_technology` (`id`, `tname`, `timage`, `status`, `created_at`, `updated_at`) VALUES
(1,	'PHP',	'178191626172939.png',	'1',	'2021-07-13 16:12:19',	'2021-07-13 16:36:26'),
(2,	'Vue js',	'',	'1',	'2021-07-13 17:03:11',	'2021-07-13 17:03:11'),
(3,	'HTML',	'',	'1',	'2021-07-16 11:31:58',	'2021-07-16 11:31:58'),
(4,	'Android',	'',	'1',	'2021-07-16 11:32:03',	'2021-07-16 11:32:03'),
(5,	'JAVA',	'',	'1',	'2021-07-16 11:32:12',	'2021-07-16 11:32:12'),
(6,	'iOS',	'',	'1',	'2021-07-16 11:32:48',	'2021-07-16 11:32:48'),
(7,	'Python',	'',	'1',	'2021-07-16 11:33:38',	'2021-07-16 11:33:38'),
(8,	'Asp.net',	'',	'1',	'2021-07-16 11:40:03',	'2021-07-16 11:40:03'),
(9,	'Laravel',	'',	'1',	'2021-07-19 17:47:43',	'2021-07-19 17:47:43'),
(10,	'JAVA Liferay',	'',	'1',	'2021-08-09 12:18:49',	'2021-08-09 12:18:49'),
(11,	'JAVA Full-stack',	'',	'1',	'2021-08-09 12:18:58',	'2021-08-09 12:18:58'),
(12,	'.NET Core',	'',	'1',	'2021-08-09 12:20:00',	'2021-08-09 12:20:00'),
(13,	'React JS',	'',	'1',	'2021-08-09 12:44:27',	'2021-08-09 12:44:27'),
(14,	'Angular JS',	'',	'1',	'2021-08-09 12:44:37',	'2021-08-09 12:44:37'),
(15,	'React Native',	'',	'1',	'2021-08-09 12:47:08',	'2021-08-09 12:47:08'),
(16,	'Flutter',	'',	'1',	'2021-08-09 12:47:14',	'2021-08-09 12:47:14'),
(17,	'Node JS',	'',	'1',	'2021-08-09 12:47:37',	'2021-08-09 12:47:37'),
(19,	'PHP - Ecommerce',	'',	'1',	'2021-08-09 12:47:52',	'2021-08-09 12:47:52'),
(20,	'Magento',	'',	'1',	'2021-08-09 13:02:02',	'2021-08-09 13:02:02'),
(21,	'Drupal',	'',	'1',	'2021-08-09 13:02:17',	'2021-08-09 13:02:17'),
(22,	'WordPress',	'',	'1',	'2021-08-09 13:02:27',	'2021-08-09 13:02:27'),
(23,	'Full-stack',	'',	'1',	'2021-08-09 14:20:31',	'2021-08-09 14:20:31'),
(24,	'Frond End',	'',	'1',	'2021-08-09 14:20:40',	'2021-08-09 14:20:40'),
(25,	'ROR',	'',	'1',	'2021-08-09 14:20:48',	'2021-08-09 14:20:48'),
(27,	'Blockchain',	'',	'1',	'2021-08-09 14:33:14',	'2021-08-09 14:33:14'),
(28,	'IOT',	'',	'1',	'2021-08-09 14:33:19',	'2021-08-09 14:33:19'),
(29,	'QA Manual',	'',	'1',	'2021-08-09 14:33:27',	'2021-08-09 14:33:27'),
(30,	'QA Automation',	'',	'1',	'2021-08-09 14:33:33',	'2021-08-09 14:33:33'),
(31,	'DevOps',	'',	'1',	'2021-08-09 14:33:46',	'2021-08-09 14:33:46'),
(32,	'AI/ML',	'',	'1',	'2021-08-09 14:46:10',	'2021-08-09 14:46:10'),
(33,	'ODOO',	'',	'1',	'2021-08-09 14:46:17',	'2021-08-09 14:46:17'),
(34,	'SAP',	'',	'1',	'2021-08-09 14:46:23',	'2021-08-09 14:46:23'),
(35,	'Saleforce',	'',	'1',	'2021-08-09 14:46:29',	'2021-08-09 14:46:29'),
(36,	'Gaming',	NULL,	'1',	'2021-08-11 12:21:07',	'2021-08-16 17:17:14'),
(42,	'Machine Learning',	NULL,	'1',	'2021-08-17 15:27:55',	'2021-08-17 15:27:55'),
(44,	'UI/UX',	'',	'1',	'2021-08-19 18:38:28',	'2021-08-19 18:38:28'),
(46,	'Django',	NULL,	'1',	'2021-08-25 17:36:37',	'2021-09-02 10:15:23'),
(47,	'Azure DevOps',	'',	'1',	'2021-09-01 16:18:09',	'2021-09-01 16:18:09'),
(48,	'VC++',	'',	'1',	'2021-09-03 10:05:13',	'2021-09-03 10:05:13'),
(49,	'IONIC',	'',	'1',	'2021-09-09 16:16:07',	'2021-09-09 16:16:07'),
(50,	'Shopify',	'',	'1',	'2021-09-09 16:18:46',	'2021-09-09 16:18:46'),
(51,	'Open edX',	'',	'1',	'2021-09-09 16:18:58',	'2021-09-09 16:18:58'),
(52,	'Big Data',	'',	'1',	'2021-09-09 16:19:18',	'2021-09-09 16:19:18'),
(53,	'Azure Cloud Service',	'',	'1',	'2021-09-09 16:19:42',	'2021-09-09 16:19:42'),
(54,	'Salesforce',	'',	'1',	'2021-09-09 16:20:02',	'2021-09-09 16:20:02'),
(55,	'Data Analytics',	'',	'1',	'2021-09-09 16:20:16',	'2021-09-09 16:20:16'),
(56,	'JQuery',	'',	'1',	'2021-09-09 16:21:00',	'2021-09-09 16:21:00'),
(57,	'CSS',	'',	'1',	'2021-09-09 16:21:31',	'2021-09-09 16:21:31');

DROP TABLE IF EXISTS `tbl_vendors_employee_details`;
CREATE TABLE `tbl_vendors_employee_details` (
  `id` int(11) NOT NULL AUTO_INCREMENT,
  `customers_id` bigint(20) DEFAULT NULL,
  `technology_id` int(11) DEFAULT NULL,
  `exp_3_year` text,
  `exp_3_year_cost` text,
  `exp_5_year` text,
  `exp_5_year_cost` text,
  `exp_7_year` text,
  `exp_7_year_cost` text,
  `total_emp` int(11) NOT NULL,
  `created_at` datetime NOT NULL DEFAULT CURRENT_TIMESTAMP,
  `updated_at` datetime NOT NULL DEFAULT CURRENT_TIMESTAMP ON UPDATE CURRENT_TIMESTAMP,
  PRIMARY KEY (`id`),
  KEY `customers_id` (`customers_id`),
  KEY `technology_id` (`technology_id`),
  CONSTRAINT `tbl_vendors_employee_details_ibfk_1` FOREIGN KEY (`technology_id`) REFERENCES `tbl_technology` (`id`) ON DELETE CASCADE ON UPDATE CASCADE,
  CONSTRAINT `tbl_vendors_employee_details_ibfk_2` FOREIGN KEY (`customers_id`) REFERENCES `tbl_customers` (`customer_id`) ON DELETE CASCADE ON UPDATE CASCADE
) ENGINE=InnoDB DEFAULT CHARSET=utf8;

INSERT INTO `tbl_vendors_employee_details` (`id`, `customers_id`, `technology_id`, `exp_3_year`, `exp_3_year_cost`, `exp_5_year`, `exp_5_year_cost`, `exp_7_year`, `exp_7_year_cost`, `total_emp`, `created_at`, `updated_at`) VALUES
(1670,	15,	12,	NULL,	'',	NULL,	'',	'3',	'210000',	3,	'2021-08-19 11:18:57',	'2021-08-23 12:42:56'),
(1671,	15,	32,	NULL,	'',	'1',	'210000',	'1',	'230000',	2,	'2021-08-19 11:18:57',	'2021-08-23 12:42:56'),
(1672,	15,	4,	'1',	'140000',	'2',	'165000',	'2',	'185000',	5,	'2021-08-19 11:18:57',	'2021-08-19 11:18:57'),
(1673,	15,	14,	'2',	'155000',	'2',	'175000',	NULL,	'',	4,	'2021-08-19 11:18:57',	'2021-08-23 12:42:56'),
(1674,	15,	8,	NULL,	'',	'4',	'185000',	'3',	'210000',	7,	'2021-08-19 11:18:57',	'2021-08-23 12:42:56'),
(1675,	15,	27,	'1',	'225000',	'1',	'280000',	NULL,	'',	2,	'2021-08-19 11:18:57',	'2021-08-23 12:42:56'),
(1676,	15,	31,	'1',	'150000',	'1',	'170000',	'1',	'195000',	3,	'2021-08-19 11:18:57',	'2021-08-19 11:18:57'),
(1677,	15,	21,	NULL,	'',	NULL,	'',	NULL,	'',	0,	'2021-08-19 11:18:57',	'2021-08-23 12:42:56'),
(1678,	15,	16,	'2',	'145000',	'2',	'165000',	'1',	'190000',	5,	'2021-08-19 11:18:57',	'2021-08-19 11:18:57'),
(1679,	15,	24,	NULL,	'',	NULL,	'',	NULL,	'',	0,	'2021-08-19 11:18:57',	'2021-08-23 12:42:56'),
(1680,	15,	23,	NULL,	'',	'2',	'180000',	NULL,	'',	2,	'2021-08-19 11:18:57',	'2021-08-23 12:42:56'),
(1681,	15,	36,	NULL,	'',	NULL,	'',	NULL,	'',	0,	'2021-08-19 11:18:57',	'2021-08-23 12:42:56'),
(1682,	15,	3,	NULL,	'',	NULL,	'',	NULL,	'',	0,	'2021-08-19 11:18:57',	'2021-08-23 12:42:56'),
(1683,	15,	6,	NULL,	'',	'2',	'165000',	'1',	'185000',	3,	'2021-08-19 11:18:57',	'2021-08-23 12:42:56'),
(1684,	15,	28,	NULL,	'',	NULL,	'',	NULL,	'',	0,	'2021-08-19 11:18:57',	'2021-08-23 12:42:56'),
(1685,	15,	5,	NULL,	'',	'1',	'185000',	NULL,	'',	1,	'2021-08-19 11:18:57',	'2021-08-23 12:42:56'),
(1686,	15,	11,	NULL,	'',	'1',	'185000',	NULL,	'',	1,	'2021-08-19 11:18:57',	'2021-08-23 12:42:56'),
(1687,	15,	10,	NULL,	'',	NULL,	'',	NULL,	'',	0,	'2021-08-19 11:18:57',	'2021-08-23 12:42:56'),
(1688,	15,	9,	'1',	'140000',	'1',	'150000',	NULL,	'',	2,	'2021-08-19 11:18:57',	'2021-08-23 12:42:56'),
(1689,	15,	42,	NULL,	'',	NULL,	'',	NULL,	'',	0,	'2021-08-19 11:18:57',	'2021-08-23 12:42:56'),
(1690,	15,	20,	'1',	'160000',	'1',	'175000',	NULL,	'',	2,	'2021-08-19 11:18:57',	'2021-08-23 12:42:56'),
(1691,	15,	17,	'1',	'160000',	'2',	'175000',	NULL,	'',	3,	'2021-08-19 11:18:57',	'2021-08-23 12:42:56'),
(1692,	15,	33,	NULL,	'',	'2',	'195000',	'2',	'210000',	4,	'2021-08-19 11:18:57',	'2021-08-23 12:42:56'),
(1693,	15,	1,	NULL,	'',	NULL,	'',	NULL,	'',	0,	'2021-08-19 11:18:57',	'2021-08-23 12:42:56'),
(1694,	15,	19,	NULL,	'',	'2',	'175000',	NULL,	'',	2,	'2021-08-19 11:18:57',	'2021-08-23 12:42:56'),
(1695,	15,	7,	'1',	'175000',	'1',	'185000',	'1',	'200000',	3,	'2021-08-19 11:18:57',	'2021-08-19 11:18:57'),
(1696,	15,	30,	NULL,	'',	'1',	'180000',	'1',	'195000',	2,	'2021-08-19 11:18:57',	'2021-08-23 12:42:56'),
(1697,	15,	29,	'1',	'140000',	'1',	'160000',	NULL,	'',	2,	'2021-08-19 11:18:57',	'2021-08-23 12:42:56'),
(1698,	15,	13,	NULL,	'',	'1',	'190000',	NULL,	'',	1,	'2021-08-19 11:18:57',	'2021-08-23 12:42:56'),
(1699,	15,	15,	'1',	'165000',	'1',	'185000',	NULL,	'',	2,	'2021-08-19 11:18:57',	'2021-08-23 12:42:56'),
(1700,	15,	25,	NULL,	'',	NULL,	'',	NULL,	'',	0,	'2021-08-19 11:18:57',	'2021-08-23 12:42:56'),
(1701,	15,	35,	NULL,	'',	NULL,	'',	NULL,	'',	0,	'2021-08-19 11:18:57',	'2021-08-23 12:42:56'),
(1702,	15,	34,	NULL,	'',	NULL,	'',	NULL,	'',	0,	'2021-08-19 11:18:57',	'2021-08-23 12:42:56'),
(1703,	15,	2,	NULL,	'',	'1',	'165000',	NULL,	'',	1,	'2021-08-19 11:18:57',	'2021-08-23 12:42:56'),
(1704,	15,	22,	NULL,	'',	'1',	'155000',	NULL,	'',	1,	'2021-08-19 11:18:57',	'2021-08-23 12:42:56'),
(1797,	19,	23,	NULL,	'',	NULL,	'',	'4',	'120000',	4,	'2021-08-19 18:39:13',	'2021-08-23 12:42:56'),
(1798,	19,	6,	NULL,	'',	NULL,	'',	'1',	'120000',	1,	'2021-08-19 18:39:13',	'2021-08-23 12:42:56'),
(1799,	19,	9,	'2',	'55000',	'1',	'70000',	NULL,	'',	3,	'2021-08-19 18:39:13',	'2021-08-23 12:42:56'),
(1800,	19,	13,	'1',	'55000',	NULL,	'',	NULL,	'',	1,	'2021-08-19 18:39:13',	'2021-08-23 12:42:56'),
(1801,	19,	44,	'1',	'70000',	NULL,	'',	NULL,	'',	1,	'2021-08-19 18:39:13',	'2021-08-23 12:42:56'),
(1828,	18,	4,	'2',	'125000',	'1',	'145000',	'1',	'180000',	4,	'2021-08-24 12:16:53',	'2021-08-24 12:16:53'),
(1829,	18,	14,	'2',	'130000',	'1',	'160000',	'0',	'',	3,	'2021-08-24 12:16:53',	'2021-08-24 12:16:53'),
(1830,	18,	27,	'2',	'210000',	'0',	'',	'0',	'',	2,	'2021-08-24 12:16:53',	'2021-08-24 12:16:53'),
(1831,	18,	31,	'1',	'140000',	'0',	'',	'0',	'',	1,	'2021-08-24 12:16:53',	'2021-08-24 12:16:53'),
(1832,	18,	16,	'1',	'130000',	'1',	'160000',	'0',	'',	2,	'2021-08-24 12:16:53',	'2021-08-24 12:16:53'),
(1833,	18,	23,	'1',	'150000',	'1',	'180000',	'0',	'',	2,	'2021-08-24 12:16:53',	'2021-08-24 12:16:53'),
(1834,	18,	3,	'1',	'100000',	'1',	'110000',	'0',	'',	2,	'2021-08-24 12:16:53',	'2021-08-24 12:16:53'),
(1835,	18,	6,	'1',	'125000',	'2',	'145000',	'1',	'180000',	4,	'2021-08-24 12:16:53',	'2021-08-24 12:16:53'),
(1836,	18,	9,	'3',	'120000',	'2',	'140000',	'1',	'170000',	6,	'2021-08-24 12:16:53',	'2021-08-24 12:16:53'),
(1837,	18,	17,	'3',	'140000',	'2',	'175000',	'0',	'',	5,	'2021-08-24 12:16:53',	'2021-08-24 12:16:53'),
(1838,	18,	7,	'2',	'130000',	'1',	'160000',	'0',	'',	3,	'2021-08-24 12:16:53',	'2021-08-24 12:16:53'),
(1839,	18,	29,	'1',	'90000',	'2',	'110000',	'0',	'',	3,	'2021-08-24 12:16:53',	'2021-08-24 12:16:53'),
(1840,	18,	13,	'3',	'130000',	'1',	'160000',	'0',	'',	4,	'2021-08-24 12:16:53',	'2021-08-24 12:16:53'),
(1841,	18,	15,	'1',	'130000',	'1',	'160000',	'0',	'',	2,	'2021-08-24 12:16:53',	'2021-08-24 12:16:53'),
(1842,	18,	2,	'1',	'130000',	'0',	'',	'0',	'',	1,	'2021-08-24 12:16:53',	'2021-08-24 12:16:53'),
(1843,	18,	22,	'1',	'105000',	'2',	'120000',	'1',	'145000',	4,	'2021-08-24 12:16:53',	'2021-08-24 12:16:53'),
(1844,	22,	5,	'1',	'125000',	'0',	'',	'0',	'',	1,	'2021-08-24 13:11:44',	'2021-08-24 13:11:44'),
(1845,	22,	11,	'0',	'',	'1',	'150000',	'0',	'',	1,	'2021-08-24 13:11:44',	'2021-08-24 13:11:44'),
(1991,	26,	12,	'3',	'3',	'3',	'33',	'3',	'3',	9,	'2021-08-25 17:48:08',	'2021-08-25 17:48:08'),
(1992,	24,	12,	'2',	'',	'0',	'',	'0',	'',	2,	'2021-09-02 16:01:05',	'2021-09-02 16:01:05'),
(1993,	24,	4,	'2',	'123000',	'2',	'1200',	'2',	'123000',	6,	'2021-09-02 16:01:05',	'2021-09-02 16:01:05'),
(1994,	24,	3,	'3',	'15000',	'2',	'20000',	'1',	'30000',	6,	'2021-09-02 16:01:05',	'2021-09-02 16:01:05'),
(1995,	58,	14,	'3',	'3000',	'5',	'3500',	'7',	'4000',	15,	'2021-09-30 14:00:56',	'2021-09-30 14:00:56'),
(1996,	58,	57,	'3',	'2500',	'0',	'',	'0',	'',	3,	'2021-09-30 14:00:56',	'2021-09-30 14:00:56'),
(1997,	58,	31,	'3',	'2500',	'0',	'',	'0',	'',	3,	'2021-09-30 14:00:56',	'2021-09-30 14:00:56'),
(1998,	58,	16,	'3',	'3000',	'0',	'',	'0',	'',	3,	'2021-09-30 14:00:56',	'2021-09-30 14:00:56'),
(1999,	58,	23,	'3',	'3000',	'5',	'3500',	'7',	'4000',	15,	'2021-09-30 14:00:56',	'2021-09-30 14:00:56'),
(2000,	58,	3,	'3',	'2500',	'0',	'',	'0',	'',	3,	'2021-09-30 14:00:56',	'2021-09-30 14:00:56'),
(2001,	58,	17,	'3',	'3000',	'5',	'3500',	'0',	'',	8,	'2021-09-30 14:00:56',	'2021-09-30 14:00:56'),
(2002,	58,	13,	'3',	'3000',	'5',	'3500',	'7',	'4000',	15,	'2021-09-30 14:00:56',	'2021-09-30 14:00:56'),
(2003,	58,	15,	'3',	'3000',	'5',	'3500',	'7',	'4000',	15,	'2021-09-30 14:00:56',	'2021-09-30 14:00:56'),
(2004,	58,	2,	'3',	'3000',	'0',	'',	'0',	'',	3,	'2021-09-30 14:00:56',	'2021-09-30 14:00:56'),
(2006,	67,	12,	'3',	'135000',	'03',	'160000',	'4',	'192000',	10,	'2021-10-08 13:28:40',	'2021-10-08 13:28:40');

-- 2021-11-12 07:33:21
